USE fitness_centre;
INSERT INTO customers VALUES
(1, 'Miguel', 'Osorio', '23', 'male', 'jfsao21@outlook.com', '3988697881', '3901 Queen St'),
(2, 'Jack', 'Rodriguez', 24, 'male', 'jrodri2131@gmail.com', '3655245116', '4788 River rd'),
(3, 'Luis', 'Smith', 21, 'male', 'l.smith2131@gmail.com', '3655245115', '4790 River rd'),
(4, 'Emma', 'Watson', 28, 'female', 'emma.watson@gmail.com', '289-555-1234', '120 Clifton Hill, Niagara Falls'),
(5, 'John', 'Smith', 34, 'male', 'john.smith@hotmail.com', '905-555-5678', '35 River Rd, Niagara Falls'),
(6, 'Sophia', 'Brown', 22, 'female', 'sophia.brown@yahoo.com', '716-555-8765', '16 Ontario Ave, Niagara Falls'),
(7, 'Liam', 'Johnson', 40, 'male', 'liam.johnson@gmail.com', '289-555-4321', '80 Stanley Ave, Niagara Falls'),
(8, 'Olivia', 'Davis', 30, 'female', 'olivia.davis@yahoo.com', '905-555-9876', '65 Whirlpool St, Niagara Falls'),
(9, 'Noah', 'Moore', 25, 'male', 'noah.moore@gmail.com', '716-555-8765', '100 Queen St, Niagara Falls'),
(10, 'Ava', 'Wilson', 33, 'female', 'ava.wilson@hotmail.com', '289-555-6543', '75 Victoria Ave, Niagara Falls'),
(11, 'James', 'Taylor', 29, 'male', 'james.taylor@gmail.com', '905-555-4321', '55 Maple St, Niagara Falls'),
(12, 'Mia', 'Martin', 27, 'female', 'mia.martin@yahoo.com', '716-555-7890', '130 Bridge St, Niagara Falls'),
(13, 'Lucas', 'Lee', 32, 'male', 'lucas.lee@gmail.com', '289-555-8765', '50 Elm St, Niagara Falls'),
(14, 'Benjamin', 'Lopez', 26, 'male', 'ben.lopez@yahoo.com', '2895559987', '67 Church St, Buffalo'),
(15, 'Charlotte', 'Gonzalez', 31, 'female', 'charlotte.gonzalez@gmail.com', '716-555-7632', '12 George St, Buffalo'),
(16, 'Lucas', 'Anderson', 28, 'male', 'lucas.anderson@gmail.com', '905-555-4329', '23 Ontario Ave, Niagara Falls'),
(17, 'Mia', 'Martinez', 33, 'female', 'mia.martinez@gmail.com', '289-555-6512', '56 Victoria Ave, Toronto'),
(18, 'Elijah', 'Harris', 26, 'male', 'elijah.harris@yahoo.com', '716-555-2453', '78 River Rd, Niagara Falls'),
(19, 'Harper', 'Clark', 32, 'female', 'harper.clark@gmail.com', '365-555-7821', '89 Niagara St, Toronto'),
(20, 'Ethan', 'Rodriguez', 29, 'male', 'ethan.rodriguez@hotmail.com', '905-555-4213', '45 Central Ave, Buffalo'),
(21, 'Ava', 'Lewis', 28, 'female', 'ava.lewis@gmail.com', '289-555-2198', '99 Clifton Hill, Niagara Falls'),
(22, 'Alexander', 'Young', 27, 'male', 'alex.young@gmail.com', '905-555-1187', '18 Pine Ave, Toronto'),
(23, 'Emily', 'Adams', 25, 'female', 'emily.adams@yahoo.com', '716-555-0912', '23 Ridge Rd, Mississauga'),
(24, 'Michael', 'Scott', 33, 'male', 'michael.scott@gmail.com', '289-555-6783', '56 Ferry St, Toronto'),
(25, 'Abigail', 'Hall', 31, 'female', 'abigail.hall@hotmail.com', '716-555-4536', '12 Lincoln St, Buffalo'),
(26, 'Daniel', 'Walker', 24, 'male', 'daniel.walker@gmail.com', '905-555-9182', '34 Erie Ave, Niagara Falls'),
(27, 'Chloe', 'Perez', 29, 'female', 'chloe.perez@gmail.com', '365-555-3481', '56 Oakwood Dr, Mississauga'),
(28, 'Henry', 'Turner', 26, 'male', 'henry.turner@yahoo.com', '289-555-4219', '23 High St, Toronto'),
(29, 'Victoria', 'Phillips', 28, 'female', 'victoria.phillips@gmail.com', '716-555-8123', '89 George Rd, Buffalo'),
(30, 'Matthew', 'Carter', 30, 'male', 'matthew.carter@hotmail.com', '905-555-6587', '12 Apple St, Niagara Falls'),
(31, 'Evelyn', 'Parker', 33, 'female', 'evelyn.parker@gmail.com', '289-555-7341', '99 Queen St, Mississauga'),
(32, 'Sebastian', 'Evans', 31, 'male', 'sebastian.evans@gmail.com', '716-555-9217', '89 King Rd, Toronto'),
(33, 'Aria', 'Roberts', 27, 'female', 'aria.roberts@gmail.com', '905-555-7812', '56 Prince St, Toronto'),
(34, 'Jack', 'Bailey', 25, 'male', 'jack.bailey@yahoo.com', '716-555-4823', '23 Elm Rd, Buffalo'),
(35, 'Sofia', 'Reed', 29, 'female', 'sofia.reed@hotmail.com', '289-555-9217', '78 Maple St, Mississauga'),
(36, 'Levi', 'Cook', 26, 'male', 'levi.cook@gmail.com', '905-555-6728', '12 King St, Niagara Falls'),
(37, 'Zoe', 'Bell', 30, 'female', 'zoe.bell@gmail.com', '716-555-8932', '45 High St, Buffalo'),
(38, 'Caleb', 'Murphy', 27, 'male', 'caleb.murphy@yahoo.com', '289-555-2189', '33 River Rd, Niagara Falls'),
(39, 'Layla', 'Price', 28, 'female', 'layla.price@gmail.com', '905-555-8213', '67 Main St, Toronto'),
(40, 'Nathan', 'Howard', 34, 'male', 'nathan.howard@hotmail.com', '716-555-7318', '56 Lake St, Mississauga'),
(41, 'Madison', 'Cooper', 26, 'female', 'madison.cooper@gmail.com', '289-555-6721', '78 Union Rd, Buffalo'),
(42, 'Isaac', 'Morgan', 29, 'male', 'isaac.morgan@gmail.com', '905-555-3548', '99 Hill St, Niagara Falls'),
(43, 'Lily', 'Ward', 32, 'female', 'lily.ward@yahoo.com', '716-555-6781', '89 Harbor Rd, Toronto'),
(44, 'Wyatt', 'Rivera', 28, 'male', 'wyatt.rivera@hotmail.com', '289-555-2145', '23 Church Rd, Buffalo'),
(45, 'Hannah', 'Mitchell', 31, 'female', 'hannah.mitchell@gmail.com', '905-555-7894', '45 Mill St, Niagara Falls'),
(46, 'Carter', 'Hughes', 26, 'male', 'carter.hughes@gmail.com', '716-555-3419', '12 Central Ave, Mississauga'),
(47, 'Ellie', 'Foster', 29, 'female', 'ellie.foster@yahoo.com', '289-555-9281', '78 Queen St, Toronto'),
(48, 'David', 'Gray', 30, 'male', 'david.gray@hotmail.com', '905-555-6174', '56 Apple Rd, Buffalo'),
(49, 'Penelope', 'Diaz', 27, 'female', 'penelope.diaz@gmail.com', '716-555-9432', '45 King Rd, Niagara Falls'),
(50, 'Logan', 'Powell', 31, 'male', 'logan.powell@gmail.com', '289-555-7623', '23 Ontario Ave, Toronto'),
(51, 'Lillian', 'Kim', 33, 'female', 'lillian.kim@yahoo.com', '905-555-8412', '89 Ridge Rd, Mississauga'),
(52, 'Hudson', 'Peterson', 34, 'male', 'hudson.peterson@gmail.com', '716-555-4512', '12 Ferry St, Buffalo'),
(53, 'Zoey', 'Flores', 25, 'female', 'zoey.flores@hotmail.com', '289-555-7823', '45 Lincoln St, Niagara Falls'),
(54, 'Grayson', 'Rivera', 27, 'male', 'grayson.rivera@gmail.com', '905-555-9841', '78 Park Rd, Toronto'),
(55, 'Audrey', 'Bennett', 28, 'female', 'audrey.bennett@gmail.com', '716-555-6428', '67 Elm Rd, Buffalo'),
(56, 'Elias', 'Coleman', 30, 'male', 'elias.coleman@yahoo.com', '289-555-4732', '12 Niagara St, Mississauga'),
(57, 'Grace', 'Richardson', 33, 'female', 'grace.richardson@gmail.com', '905-555-8129', '99 Victoria Ave, Toronto'),
(58, 'Luke', 'Cox', 28, 'male', 'luke.cox@hotmail.com', '716-555-1823', '56 George St, Niagara Falls'),
(59, 'Bella', 'Wood', 26, 'female', 'bella.wood@gmail.com', '289-555-2317', '45 Erie Ave, Mississauga'),
(60, 'Ezra', 'Jenkins', 29, 'male', 'ezra.jenkins@yahoo.com', '905-555-4519', '67 High St, Buffalo'),
(61, 'Aubrey', 'Perry', 34, 'female', 'aubrey.perry@hotmail.com', '716-555-6423', '78 Cherry Rd, Toronto'),
(62, 'Jackson', 'Russell', 32, 'male', 'jackson.russell@gmail.com', '289-555-7812', '89 Ridge Rd, Mississauga'),
(63, 'Maya', 'Sullivan', 30, 'female', 'maya.sullivan@gmail.com', '905-555-4812', '23 Union Rd, Niagara Falls'),
(64, 'Joseph', 'Butler', 29, 'male', 'joseph.butler@gmail.com', '716-555-4721', '99 Pine Ave, Buffalo'),
(65, 'Stella', 'Brooks', 28, 'female', 'stella.brooks@yahoo.com', '289-555-2189', '45 Ontario Ave, Toronto'),
(66, 'Anthony', 'Barnes', 26, 'male', 'anthony.barnes@hotmail.com', '905-555-9123', '12 Harbor Rd, Mississauga'),
(67, 'Natalie', 'Fisher', 32, 'female', 'natalie.fisher@gmail.com', '716-555-8147', '67 Lake St, Buffalo'),
(68, 'Dylan', 'Henderson', 28, 'male', 'dylan.henderson@gmail.com', '289-555-1432', '89 Queen St, Toronto'),
(69, 'Ruby', 'Marshall', 29, 'female', 'ruby.marshall@hotmail.com', '905-555-4371', '78 King Rd, Niagara Falls'),
(70, 'Charles', 'Arnold', 33, 'male', 'charles.arnold@yahoo.com', '716-555-7123', '56 George St, Mississauga'),
(71, 'Savannah', 'Watts', 31, 'female', 'savannah.watts@gmail.com', '289-555-9437', '45 Union Rd, Toronto'),
(72, 'Nathaniel', 'Hunt', 27, 'male', 'nathaniel.hunt@hotmail.com', '905-555-7823', '78 Mill St, Niagara Falls'),
(73, 'Camila', 'Daniels', 30, 'female', 'camila.daniels@gmail.com', '716-555-2176', '67 Ferry St, Buffalo'),
(74, 'Aaron', 'Cruz', 28, 'male', 'aaron.cruz@hotmail.com', '289-555-5412', '45 Central Ave, Mississauga'),
(75, 'Elena', 'Ramirez', 27, 'female', 'elena.ramirez@gmail.com', '905-555-8432', '78 Lincoln St, Niagara Falls'),
(76, 'Adrian', 'Griffin', 31, 'male', 'adrian.griffin@yahoo.com', '716-555-2371', '89 Maple Rd, Buffalo'),
(77, 'Claire', 'Morales', 33, 'female', 'claire.morales@hotmail.com', '289-555-9145', '56 River Rd, Toronto'),
(78, 'Hunter', 'Baker', 29, 'male', 'hunter.baker@gmail.com', '905-555-4312', '23 Niagara St, Mississauga'),
(79, 'Sadie', 'Torres', 25, 'female', 'sadie.torres@gmail.com', '716-555-4829', '67 King Rd, Buffalo'),
(80, 'Jonathan', 'Hughes', 32, 'male', 'jonathan.hughes@yahoo.com', '289-555-9832', '12 High St, Niagara Falls'),
(81, 'Ariana', 'Ward', 30, 'female', 'ariana.ward@gmail.com', '905-555-2147', '45 Ontario Ave, Toronto'),
(82, 'Elliot', 'Murphy', 34, 'male', 'elliot.murphy@gmail.com', '716-555-6731', '78 Ridge Rd, Buffalo'),
(83, 'Hazel', 'Flores', 28, 'female', 'hazel.flores@hotmail.com', '289-555-7318', '99 Union Rd, Niagara Falls'),
(84, 'Leon', 'Sanders', 27, 'male', 'leon.sanders@gmail.com', '905-555-8193', '56 Victoria Ave, Mississauga'),
(85, 'Scarlett', 'Ortiz', 31, 'female', 'scarlett.ortiz@yahoo.com', '716-555-4387', '89 Hill St, Toronto'),
(86, 'Miles', 'Gomez', 30, 'male', 'miles.gomez@gmail.com', '289-555-7129', '12 Harbor Rd, Buffalo'),
(87, 'Anna', 'Mendoza', 26, 'female', 'anna.mendoza@hotmail.com', '905-555-3914', '45 Park Rd, Niagara Falls'),
(88, 'Leah', 'Bishop', 29, 'female', 'leah.bishop@gmail.com', '716-555-9436', '78 Central Ave, Toronto'),
(89, 'Roman', 'Pierce', 31, 'male', 'roman.pierce@gmail.com', '289-555-7621', '67 Ferry St, Mississauga'),
(90, 'Lydia', 'Scott', 28, 'female', 'lydia.scott@yahoo.com', '905-555-3487', '23 Cherry Rd, Buffalo'),
(91, 'Victor', 'Stephens', 27, 'male', 'victor.stephens@hotmail.com', '716-555-9418', '89 Pine Ave, Niagara Falls'),
(92, 'Eva', 'Ross', 33, 'female', 'eva.ross@gmail.com', '289-555-5412', '12 Ontario Ave, Toronto'),
(93, 'Jasper', 'Bryant', 34, 'male', 'jasper.bryant@gmail.com', '905-555-7913', '45 Elm Rd, Mississauga'),
(94, 'Caroline', 'West', 29, 'female', 'caroline.west@hotmail.com', '716-555-5418', '56 Maple Rd, Niagara Falls'),
(95, 'Maxwell', 'Cole', 30, 'male', 'maxwell.cole@gmail.com', '289-555-4178', '78 Harbor Rd, Buffalo'),
(96, 'Mila', 'Ford', 27, 'female', 'mila.ford@gmail.com', '905-555-2174', '67 Ridge Rd, Toronto'),
(97, 'Diego', 'Graham', 29, 'male', 'diego.graham@yahoo.com', '716-555-4819', '89 Union Rd, Mississauga'),
(98, 'Vivian', 'Henderson', 31, 'female', 'vivian.henderson@gmail.com', '289-555-6713', '12 Victoria Ave, Buffalo'),
(99, 'Micah', 'Simpson', 26, 'male', 'micah.simpson@hotmail.com', '905-555-3278', '45 Central Ave, Niagara Falls'),
(100, 'Julia', 'Wallace', 28, 'female', 'julia.wallace@gmail.com', '716-555-4381', '78 Ontario Ave, Toronto'),
(101, 'Leo', 'Austin', 30, 'male', 'leo.austin@gmail.com', '289-555-2147', '56 Mill St, Buffalo'),
(102, 'Clara', 'Holt', 32, 'female', 'clara.holt@hotmail.com', '905-555-4318', '89 George St, Mississauga'),
(103, 'Jaxon', 'Rhodes', 27, 'male', 'jaxon.rhodes@gmail.com', '716-555-8745', '23 Niagara St, Toronto'),
(104, 'Cecilia', 'Gibson', 29, 'female', 'cecilia.gibson@yahoo.com', '289-555-2148', '67 River Rd, Niagara Falls'),
(105, 'Emmett', 'Stone', 31, 'male', 'emmett.stone@gmail.com', '905-555-4981', '12 Queen St, Buffalo'),
(106, 'Aurora', 'Diaz', 30, 'female', 'aurora.diaz@gmail.com', '716-555-8412', '45 Apple Rd, Toronto'),
(107, 'Peter', 'Harper', 34, 'male', 'peter.harper@yahoo.com', '289-555-4317', '78 Cherry Rd, Mississauga'),
(108, 'Faith', 'Riley', 26, 'female', 'faith.riley@hotmail.com', '905-555-7129', '56 Lincoln St, Niagara Falls'),
(109, 'Gavin', 'Mann', 28, 'male', 'gavin.mann@gmail.com', '716-555-4398', '89 Maple Rd, Toronto'),
(110, 'Elliana', 'Reyes', 27, 'female', 'elliana.reyes@gmail.com', '289-555-3481', '67 Central Ave, Buffalo'),
(111, 'Isaiah', 'Nguyen', 31, 'male', 'isaiah.nguyen@gmail.com', '905-555-7324', '45 Victoria Ave, Niagara Falls'),
(112, 'Naomi', 'Patel', 29, 'female', 'naomi.patel@yahoo.com', '716-555-6728', '78 Pine Ave, Toronto'),
(113, 'Dominic', 'Grant', 32, 'male', 'dominic.grant@hotmail.com', '289-555-2134', '12 Ridge Rd, Buffalo'),
(114, 'Paisley', 'Simmons', 30, 'female', 'paisley.simmons@gmail.com', '905-555-8943', '56 Harbor Rd, Mississauga'),
(115, 'Austin', 'Fisher', 28, 'male', 'austin.fisher@yahoo.com', '716-555-4378', '89 George St, Niagara Falls'),
(116, 'Madeline', 'Chavez', 29, 'female', 'madeline.chavez@gmail.com', '289-555-1987', '23 Maple Rd, Toronto'),
(117, 'Ryder', 'Jennings', 26, 'male', 'ryder.jennings@hotmail.com', '905-555-7283', '45 Lincoln St, Buffalo'),
(118, 'Delilah', 'Murray', 27, 'female', 'delilah.murray@gmail.com', '716-555-8427', '78 Niagara St, Mississauga'),
(119, 'Zion', 'Gordon', 30, 'male', 'zion.gordon@gmail.com', '289-555-2314', '12 Queen St, Toronto'),
(120, 'Samantha', 'Webb', 33, 'female', 'samantha.webb@hotmail.com', '905-555-3847', '67 Park Rd, Niagara Falls'),
(121, 'Rowan', 'Ford', 28, 'male', 'rowan.ford@gmail.com', '716-555-2174', '89 River Rd, Buffalo'),
(122, 'Brooke', 'Greene', 31, 'female', 'brooke.greene@gmail.com', '289-555-7812', '56 Central Ave, Toronto'),
(123, 'Miles', 'Perez', 29, 'male', 'miles.perez@hotmail.com', '905-555-4318', '78 Apple Rd, Mississauga'),
(124, 'Alyssa', 'Warren', 27, 'female', 'alyssa.warren@yahoo.com', '716-555-4183', '23 Niagara St, Niagara Falls'),
(125, 'Vincent', 'Hunter', 32, 'male', 'vincent.hunter@gmail.com', '289-555-4182', '45 Maple St, Buffalo'),
(126, 'Skylar', 'Wells', 28, 'female', 'skylar.wells@gmail.com', '905-555-6723', '67 High St, Toronto'),
(127, 'Preston', 'Erickson', 29, 'male', 'preston.erickson@yahoo.com', '716-555-8932', '56 Victoria Ave, Mississauga'),
(128, 'Ellie', 'Boone', 26, 'female', 'ellie.boone@gmail.com', '289-555-4387', '89 Ridge Rd, Niagara Falls'),
(129, 'Caleb', 'Ramsey', 30, 'male', 'caleb.ramsey@gmail.com', '905-555-4837', '12 Pine Ave, Buffalo'),
(130, 'Julia', 'Dawson', 31, 'female', 'julia.dawson@hotmail.com', '716-555-8921', '45 King Rd, Mississauga'),
(131, 'Maverick', 'Lambert', 27, 'male', 'maverick.lambert@gmail.com', '289-555-2741', '78 Elm Rd, Toronto'),
(132, 'Liliana', 'Sawyer', 29, 'female', 'liliana.sawyer@gmail.com', '905-555-8713', '67 Union Rd, Niagara Falls'),
(133, 'Theo', 'Brady', 32, 'male', 'theo.brady@yahoo.com', '716-555-3947', '23 Ferry St, Buffalo'),
(134, 'Piper', 'Cross', 28, 'female', 'piper.cross@gmail.com', '289-555-4378', '56 Maple Rd, Toronto'),
(135, 'Riley', 'Jordan', 26, 'male', 'riley.jordan@gmail.com', '905-555-2918', '78 Niagara St, Mississauga'),
(136, 'Eliza', 'Page', 30, 'female', 'eliza.page@hotmail.com', '716-555-4213', '45 Ontario Ave, Niagara Falls'),
(137, 'Griffin', 'Reid', 28, 'male', 'griffin.reid@gmail.com', '289-555-7291', '12 Central Ave, Toronto'),
(138, 'Isabelle', 'Hayes', 31, 'female', 'isabelle.hayes@gmail.com', '905-555-9834', '89 Queen St, Buffalo'),
(139, 'Axel', 'Myers', 30, 'male', 'axel.myers@yahoo.com', '716-555-3127', '67 George Rd, Mississauga'),
(140, 'Genevieve', 'Cole', 27, 'female', 'genevieve.cole@gmail.com', '289-555-7412', '45 Apple Rd, Toronto'),
(141, 'Kai', 'Hicks', 29, 'male', 'kai.hicks@gmail.com', '905-555-1284', '78 Ferry St, Niagara Falls'),
(142, 'Reese', 'Ellis', 33, 'female', 'reese.ellis@hotmail.com', '716-555-4872', '23 King St, Buffalo'),
(143, 'Colton', 'Barber', 30, 'male', 'colton.barber@gmail.com', '289-555-2819', '56 Niagara Rd, Mississauga'),
(144, 'Violet', 'Mendez', 26, 'female', 'violet.mendez@yahoo.com', '905-555-8213', '78 Maple St, Toronto'),
(145, 'Jayden', 'Parks', 31, 'male', 'jayden.parks@gmail.com', '716-555-9183', '67 Victoria Ave, Buffalo'),
(146, 'Willow', 'Owens', 28, 'female', 'willow.owens@gmail.com', '289-555-2314', '89 River Rd, Niagara Falls'),
(147, 'Asher', 'Peters', 29, 'male', 'asher.peters@hotmail.com', '905-555-7842', '12 Ridge Rd, Toronto'),
(148, 'Luna', 'Rice', 30, 'female', 'luna.rice@gmail.com', '716-555-1347', '45 Queen St, Mississauga'),
(149, 'Rhett', 'Stevens', 32, 'male', 'rhett.stevens@gmail.com', '289-555-6728', '78 Union Rd, Niagara Falls'),
(150, 'Ivy', 'Franklin', 27, 'female', 'ivy.franklin@yahoo.com', '905-555-2387', '67 Niagara Rd, Buffalo'),
(151, 'Beau', 'Bates', 26, 'male', 'beau.bates@gmail.com', '716-555-2819', '23 Maple Rd, Toronto'),
(152, 'Amaya', 'Walters', 31, 'female', 'amaya.walters@hotmail.com', '289-555-7321', '12 Harbor Rd, Mississauga'),
(153, 'Silas', 'Beck', 28, 'male', 'silas.beck@gmail.com', '905-555-4819', '45 Central Ave, Niagara Falls'),
(154, 'Molly', 'Newton', 30, 'female', 'molly.newton@gmail.com', '716-555-8371', '78 Niagara St, Buffalo'),
(155, 'Nolan', 'Schmidt', 29, 'male', 'nolan.schmidt@yahoo.com', '289-555-4321', '67 Pine Ave, Toronto'),
(156, 'Sienna', 'Greer', 26, 'female', 'sienna.greer@gmail.com', '905-555-8937', '89 Ridge Rd, Mississauga'),
(157, 'Tucker', 'Vargas', 31, 'male', 'tucker.vargas@gmail.com', '716-555-4291', '23 Elm St, Niagara Falls'),
(158, 'Delaney', 'Reeves', 28, 'female', 'delaney.reeves@hotmail.com', '289-555-3817', '56 High St, Toronto'),
(159, 'Easton', 'Hoffman', 30, 'male', 'easton.hoffman@gmail.com', '905-555-7413', '45 Ontario Ave, Buffalo'),
(160, 'Julian', 'Ortiz', 29, 'male', 'julian.ortiz@hotmail.com', '905-555-6537', '21 Harbor Rd, Niagara Falls'),
(161, 'Avery', 'Rogers', 26, 'female', 'avery.rogers@yahoo.com', '716-555-9245', '87 College St, Toronto'),
(162, 'Owen', 'Brooks', 31, 'male', 'owen.brooks@gmail.com', '289-555-1876', '56 Union Rd, Mississauga'),
(163, 'Scarlett', 'Long', 33, 'female', 'scarlett.long@gmail.com', '905-555-3298', '12 Cherry Rd, Niagara Falls'),
(164, 'Gabriel', 'Ross', 34, 'male', 'gabriel.ross@hotmail.com', '716-555-2153', '99 Hill St, Buffalo');



INSERT INTO trainer (trainer_id, trainer_firstName, trainer_lastName, trainer_email, trainer_phone, trainer_address, trainer_certificates) VALUES
(1, 'John', 'Doe', 'john.doe@example.com', '555-1234', '123 Main St', 'Certified Personal Trainer'),
(2, 'Jane', 'Smith', 'jane.smith@example.com', '555-5678', '456 Elm St', 'Yoga Instructor, Nutrition Specialist'),
(3, 'Emily', 'Jones', 'emily.jones@example.com', '555-8765', '789 Oak St', 'Strength and Conditioning Coach'),
(4, 'Michael', 'Brown', 'michael.brown@example.com', '555-4321', '101 Pine St', 'Certified Health Coach'),
(5, 'Sarah', 'Davis', 'sarah.davis@example.com', '555-8765', '202 Maple Ave', 'Pilates Instructor, Wellness Coach'),
(6, 'Daniel', 'Miller', 'daniel.miller@example.com', '555-1111', '303 Cedar Rd', 'CrossFit Trainer, Nutritionist'),
(7, 'Laura', 'Wilson', 'laura.wilson@example.com', '555-2222', '404 Birch Ln', 'Pilates Instructor, Certified Personal Trainer'),
(8, 'James', 'Taylor', 'james.taylor@example.com', '555-3333', '505 Spruce Blvd', 'Certified Strength Coach'),
(9, 'Sophia', 'Anderson', 'sophia.anderson@example.com', '555-4444', '606 Redwood Dr', 'Yoga Teacher, Meditation Guide'),
(10, 'Oliver', 'Thomas', 'oliver.thomas@example.com', '555-5555', '707 Aspen Ct', 'Kickboxing Coach, Certified Trainer'),
(11, 'Emma', 'Harris', 'emma.harris@example.com', '555-6666', '808 Walnut Ave', 'Dance Fitness Instructor'),
(12, 'Lucas', 'Martinez', 'lucas.martinez@example.com', '555-7777', '909 Chestnut St', 'Bodybuilding Specialist, Certified Trainer'),
(13, 'Olivia', 'Garcia', 'olivia.garcia@example.com', '555-8888', '1010 Maple Dr', 'Aerobics Instructor, Nutrition Specialist'),
(14, 'Ethan', 'Martins', 'ethan.martins@example.com', '555-9999', '1111 Cypress Way', 'Strength and Conditioning Coach'),
(15, 'Ava', 'Rodriguez', 'ava.rodriguez@example.com', '555-0000', '1212 Sequoia Pl', 'Pilates Instructor, Certified Health Coach'),
(16, 'Benjamin', 'Clark', 'benjamin.clark@example.com', '555-1010', '1313 Sycamore Ln', 'Certified CrossFit Coach'),
(17, 'Mia', 'Lewis', 'mia.lewis@example.com', '555-2020', '1414 Poplar Ave', 'Zumba Instructor, Nutrition Consultant'),
(18, 'Noah', 'Walker', 'noah.walker@example.com', '555-3030', '1515 Cedar Ct', 'Martial Arts Trainer, Wellness Coach');




INSERT INTO memberships (membership_id, membership_type, membership_price, membership_duration, membership_benefits) VALUES
(1, 'Basic', 25.00, '1 Month', 'Access to gym equipment'),
(2, 'Standard', 45.00, '1 Month', 'Access to gym equipment, Group classes'),
(3, 'Premium', 60.00, '1 Month', 'Access to gym equipment, Group classes, Sauna, Pool');


INSERT INTO payments (payment_id, customer_id, membership_id, payment_date, payment_amount, payment_method) VALUES
(1, 2, 1, '2024-01-04', 25.00, 'cash'),
(2, 3, 2, '2024-01-05', 45.00, 'debit card'),
(3, 5, 3, '2024-01-06', 60.00, 'credit card'),
(4, 4, 1, '2024-01-07', 25.00, 'cash'),
(5, 9, 2, '2024-01-08', 45.00, 'debit card'),
(6, 7, 3, '2024-01-09', 60.00, 'cash'),
(7, 8, 1, '2024-01-10', 25.00, 'debit card'),
(8, 1, 2, '2024-01-10', 45.00, 'credit card'),
(9, 6, 3, '2024-01-10', 60.00, 'credit card'),
(10, 2, 1, '2024-02-04', 25.00, 'debit card'),
(11, 10, 2, '2024-02-04', 45.00, 'debit card'),
(12, 13, 2, '2024-02-04', 45.00, 'credit card'),
(13, 4, 1, '2024-02-08', 25.00, 'cash'),
(14, 5, 2, '2024-02-13', 45.00, 'debit card'),
(15, 8, 1, '2024-02-13', 25.00, 'debit card'),
(16, 12, 3, '2024-02-14', 60.00, 'credit card'),
(17, 11, 1, '2024-02-15', 25.00, 'debit card'),
(18, 3, 1, '2024-03-04', 25.00, 'cash'),
(19, 2, 1, '2024-03-04', 25.00, 'debit card'),
(20, 4, 1, '2024-03-08', 25.00, 'debit card'),
(21, 6, 2, '2024-03-13', 45.00, 'cash'),
(22, 7, 3, '2024-03-14', 60.00, 'credit card'),
(23, 2, 1, '2024-04-04', 25.00, 'credit card'),
(24, 8, 1, '2024-04-13', 25.00, 'cash'),
(25, 10, 2, '2024-04-20', 45.00, 'debit card'),
(26, 11, 3, '2024-04-22', 60.00, 'credit card'),
(27, 12, 1, '2024-04-23', 25.00, 'cash'),
(28, 13, 2, '2024-04-25', 45.00, 'debit card'),
(29, 14, 3, '2024-04-26', 60.00, 'credit card'),
(30, 15, 1, '2024-04-28', 25.00, 'cash'),
(31, 16, 2, '2024-04-30', 45.00, 'debit card'),
(32, 17, 3, '2024-04-30', 60.00, 'credit card'),
(33, 18, 1, '2024-05-02', 25.00, 'cash'),
(34, 19, 2, '2024-05-03', 45.00, 'debit card'),
(35, 20, 3, '2024-05-04', 60.00, 'credit card'),
(36, 21, 1, '2024-05-05', 25.00, 'cash'),
(37, 22, 2, '2024-05-06', 45.00, 'debit card'),
(38, 23, 3, '2024-05-07', 60.00, 'credit card'),
(39, 24, 1, '2024-05-08', 25.00, 'cash'),
(40, 25, 2, '2024-05-09', 45.00, 'debit card'),
(41, 26, 3, '2024-05-10', 60.00, 'credit card'),
(42, 27, 1, '2024-05-11', 25.00, 'cash'),
(43, 28, 2, '2024-05-12', 45.00, 'debit card'),
(44, 29, 3, '2024-05-13', 60.00, 'credit card'),
(45, 30, 1, '2024-05-14', 25.00, 'cash'),
(46, 31, 2, '2024-05-15', 45.00, 'debit card'),
(47, 32, 3, '2024-05-16', 60.00, 'credit card'),
(48, 33, 1, '2024-05-17', 25.00, 'cash'),
(49, 34, 2, '2024-05-18', 45.00, 'debit card'),
(50, 35, 3, '2024-05-19', 60.00, 'credit card'),
(51, 36, 1, '2024-05-20', 25.00, 'cash'),
(52, 37, 2, '2024-05-21', 45.00, 'debit card'),
(53, 38, 3, '2024-05-22', 60.00, 'credit card'),
(54, 39, 1, '2024-05-23', 25.00, 'cash'),
(55, 40, 2, '2024-05-24', 45.00, 'debit card'),
(56, 41, 3, '2024-05-25', 60.00, 'credit card'),
(57, 42, 1, '2024-05-26', 25.00, 'cash'),
(58, 43, 2, '2024-05-27', 45.00, 'debit card'),
(59, 44, 3, '2024-05-28', 60.00, 'credit card'),
(60, 45, 1, '2024-05-29', 25.00, 'cash'),
(61, 46, 2, '2024-05-30', 45.00, 'debit card'),
(62, 47, 3, '2024-06-01', 60.00, 'credit card'),
(63, 48, 1, '2024-06-02', 25.00, 'cash'),
(64, 49, 2, '2024-06-03', 45.00, 'debit card'),
(65, 50, 3, '2024-06-04', 60.00, 'credit card'),
(66, 51, 1, '2024-06-05', 25.00, 'cash'),
(67, 52, 2, '2024-06-06', 45.00, 'debit card'),
(68, 53, 3, '2024-06-07', 60.00, 'credit card'),
(69, 54, 1, '2024-06-08', 25.00, 'cash'),
(70, 55, 2, '2024-06-09', 45.00, 'debit card'),
(71, 56, 3, '2024-06-10', 60.00, 'credit card'),
(72, 57, 1, '2024-06-11', 25.00, 'cash'),
(73, 58, 2, '2024-06-12', 45.00, 'debit card'),
(74, 59, 3, '2024-06-13', 60.00, 'credit card'),
(75, 60, 1, '2024-06-14', 25.00, 'cash'),
(76, 61, 2, '2024-06-15', 45.00, 'debit card'),
(77, 62, 3, '2024-06-16', 60.00, 'credit card'),
(78, 63, 1, '2024-06-17', 25.00, 'cash'),
(79, 64, 2, '2024-06-18', 45.00, 'debit card'),
(80, 65, 3, '2024-06-19', 60.00, 'credit card'),
(81, 66, 1, '2024-06-20', 25.00, 'cash'),
(82, 67, 2, '2024-06-21', 45.00, 'debit card'),
(83, 68, 3, '2024-06-22', 60.00, 'credit card'),
(84, 69, 1, '2024-06-23', 25.00, 'cash'),
(85, 70, 2, '2024-06-24', 45.00, 'debit card'),
(86, 71, 3, '2024-06-25', 60.00, 'credit card'),
(87, 72, 1, '2024-06-26', 25.00, 'cash'),
(88, 73, 2, '2024-06-27', 45.00, 'debit card'),
(89, 74, 3, '2024-06-28', 60.00, 'credit card'),
(90, 75, 1, '2024-06-29', 25.00, 'cash'),
(91, 17, 2, '2024-10-01', 45.00, 'debit card'),
(92, 18, 3, '2024-10-02', 60.00, 'credit card'),
(93, 19, 1, '2024-10-03', 25.00, 'cash'),
(94, 20, 2, '2024-10-04', 45.00, 'debit card'),
(95, 21, 3, '2024-10-05', 60.00, 'credit card'),
(96, 22, 1, '2024-10-06', 25.00, 'cash'),
(97, 23, 2, '2024-10-07', 45.00, 'debit card'),
(98, 24, 3, '2024-10-08', 60.00, 'credit card'),
(99, 25, 1, '2024-10-09', 25.00, 'cash'),
(100, 26, 2, '2024-10-10', 45.00, 'debit card'),
(101, 27, 3, '2024-10-11', 60.00, 'credit card'),
(102, 28, 1, '2024-10-12', 25.00, 'cash'),
(103, 29, 2, '2024-10-13', 45.00, 'debit card'),
(104, 30, 3, '2024-10-14', 60.00, 'credit card'),
(105, 31, 1, '2024-10-15', 25.00, 'cash'),
(106, 32, 2, '2024-10-16', 45.00, 'debit card'),
(107, 33, 3, '2024-10-17', 60.00, 'credit card'),
(108, 34, 1, '2024-10-18', 25.00, 'cash'),
(109, 35, 2, '2024-10-19', 45.00, 'debit card'),
(110, 36, 3, '2024-10-20', 60.00, 'credit card'),
(111, 37, 1, '2024-10-21', 25.00, 'cash'),
(112, 38, 2, '2024-10-22', 45.00, 'debit card'),
(113, 39, 3, '2024-10-23', 60.00, 'credit card'),
(114, 40, 1, '2024-10-24', 25.00, 'cash'),
(115, 41, 2, '2024-10-25', 45.00, 'debit card'),
(116, 42, 3, '2024-10-26', 60.00, 'credit card'),
(117, 43, 1, '2024-10-27', 25.00, 'cash'),
(118, 44, 2, '2024-10-28', 45.00, 'debit card'),
(119, 45, 3, '2024-10-29', 60.00, 'credit card'),
(120, 46, 1, '2024-10-30', 25.00, 'cash'),
(121, 47, 2, '2024-11-01', 45.00, 'debit card'),
(122, 48, 3, '2024-11-02', 60.00, 'credit card'),
(123, 49, 1, '2024-11-03', 25.00, 'cash'),
(124, 50, 2, '2024-11-04', 45.00, 'debit card'),
(125, 51, 3, '2024-11-05', 60.00, 'credit card'),
(126, 52, 1, '2024-11-06', 25.00, 'cash'),
(127, 53, 2, '2024-11-07', 45.00, 'debit card'),
(128, 54, 3, '2024-11-08', 60.00, 'credit card'),
(129, 55, 1, '2024-11-09', 25.00, 'cash'),
(130, 56, 2, '2024-11-10', 45.00, 'debit card'),
(131, 57, 3, '2024-11-11', 60.00, 'credit card'),
(132, 58, 1, '2024-11-12', 25.00, 'cash'),
(133, 59, 2, '2024-11-13', 45.00, 'debit card'),
(134, 60, 3, '2024-11-14', 60.00, 'credit card'),
(135, 61, 1, '2024-11-15', 25.00, 'cash'),
(136, 62, 2, '2024-11-16', 45.00, 'debit card'),
(137, 63, 3, '2024-11-17', 60.00, 'credit card'),
(138, 64, 1, '2024-11-18', 25.00, 'cash'),
(139, 65, 2, '2024-11-19', 45.00, 'debit card'),
(140, 66, 3, '2024-11-20', 60.00, 'credit card'),
(141, 67, 1, '2024-11-21', 25.00, 'cash'),
(142, 68, 2, '2024-11-22', 45.00, 'debit card'),
(143, 69, 3, '2024-11-23', 60.00, 'credit card'),
(144, 70, 1, '2024-11-24', 25.00, 'cash'),
(145, 71, 2, '2024-11-25', 45.00, 'debit card'),
(146, 72, 3, '2024-11-26', 60.00, 'credit card'),
(147, 73, 1, '2024-11-27', 25.00, 'cash'),
(148, 74, 2, '2024-11-28', 45.00, 'debit card'),
(149, 75, 3, '2024-11-29', 60.00, 'credit card'),
(150, 76, 1, '2024-11-30', 25.00, 'cash'),
(151, 77, 2, '2024-12-01', 45.00, 'debit card'),
(152, 78, 3, '2024-12-02', 60.00, 'credit card'),
(153, 79, 1, '2024-12-03', 25.00, 'cash'),
(154, 80, 2, '2024-12-04', 45.00, 'debit card'),
(155, 81, 3, '2024-12-05', 60.00, 'credit card'),
(156, 82, 1, '2024-12-06', 25.00, 'cash'),
(157, 83, 2, '2024-12-06', 45.00, 'debit card'),
(158, 84, 3, '2024-12-06', 60.00, 'credit card'),
(159, 85, 1, '2024-12-06', 25.00, 'cash'),
(160, 86, 2, '2024-12-06', 45.00, 'debit card'),
(161, 87, 3, '2024-12-06', 60.00, 'credit card'),
(162, 88, 1, '2024-12-06', 25.00, 'cash'),
(163, 89, 2, '2024-12-06', 45.00, 'debit card'),
(164, 90, 3, '2024-12-06', 60.00, 'credit card'),
(165, 91, 1, '2024-12-06', 25.00, 'cash'),
(166, 92, 2, '2024-12-06', 45.00, 'debit card'),
(167, 93, 3, '2024-12-06', 60.00, 'credit card'),
(168, 94, 1, '2024-12-06', 25.00, 'cash'),
(169, 95, 2, '2024-12-06', 45.00, 'debit card'),
(170, 96, 3, '2024-12-06', 60.00, 'credit card'),
(171, 97, 1, '2024-12-06', 25.00, 'cash'),
(172, 98, 2, '2024-12-06', 45.00, 'debit card'),
(173, 99, 3, '2024-12-06', 60.00, 'credit card'),
(174, 100, 1, '2024-12-06', 25.00, 'cash'),
(175, 101, 2, '2024-12-06', 45.00, 'debit card'),
(176, 102, 3, '2024-12-06', 60.00, 'credit card'),
(177, 103, 1, '2024-12-06', 25.00, 'cash'),
(178, 104, 2, '2024-12-06', 45.00, 'debit card'),
(179, 105, 3, '2024-12-06', 60.00, 'credit card'),
(180, 106, 1, '2024-12-06', 25.00, 'cash'),
(181, 107, 2, '2024-12-06', 45.00, 'debit card'),
(182, 108, 3, '2024-12-06', 60.00, 'credit card'),
(183, 109, 1, '2024-12-06', 25.00, 'cash'),
(184, 110, 2, '2024-12-06', 45.00, 'debit card'),
(185, 111, 3, '2024-12-06', 60.00, 'credit card'),
(186, 112, 1, '2024-12-06', 25.00, 'cash'),
(187, 113, 2, '2024-12-06', 45.00, 'debit card'),
(188, 114, 3, '2024-12-06', 60.00, 'credit card'),
(189, 115, 1, '2024-12-06', 25.00, 'cash'),
(190, 116, 2, '2024-12-06', 45.00, 'debit card'),
(191, 117, 3, '2024-12-06', 60.00, 'credit card'),
(192, 118, 1, '2024-12-06', 25.00, 'cash'),
(193, 119, 2, '2024-12-06', 45.00, 'debit card'),
(194, 120, 3, '2024-12-06', 60.00, 'credit card'),
(195, 121, 1, '2024-12-06', 25.00, 'cash'),
(196, 122, 2, '2024-12-06', 45.00, 'debit card'),
(197, 123, 3, '2024-12-06', 60.00, 'credit card'),
(198, 124, 1, '2024-12-06', 25.00, 'cash'),
(199, 125, 2, '2024-12-06', 45.00, 'debit card'),
(200, 126, 3, '2024-12-06', 60.00, 'credit card'),
(201, 127, 1, '2024-12-06', 25.00, 'cash'),
(202, 128, 2, '2024-12-06', 45.00, 'debit card'),
(203, 129, 3, '2024-12-06', 60.00, 'credit card'),
(204, 130, 1, '2024-12-06', 25.00, 'cash'),
(205, 131, 2, '2024-12-06', 45.00, 'debit card'),
(206, 132, 3, '2024-12-06', 60.00, 'credit card'),
(207, 133, 1, '2024-12-06', 25.00, 'cash'),
(208, 134, 2, '2024-12-06', 45.00, 'debit card');




INSERT INTO customer_progress (progress_id, customer_id, weight, body_fat, progress_date) VALUES
(1, 2, 98.8, 25.8, '2024-01-04'),
(2, 3, 76.0, 20.3, '2024-01-05'),
(3, 5, 68.0, 19.9, '2024-01-06'),
(4, 4, 93.5, 26.5, '2024-01-07'),
(5, 9, 80.2, 18.0, '2024-01-08'),
(6, 7, 87.0, 24.0, '2024-01-09'),
(7, 8, 79.0, 22.0, '2024-01-10'),
(8, 1, 76.0, 19.0, '2024-01-10'),
(9, 6, 89.0, 25.0, '2024-01-10'),
(10, 2, 95.5, 23.8, '2024-02-04'),
(11, 10, 77.0, 17.0, '2024-02-04'),
(12, 13, 77.0, 13.0, '2024-02-04'),
(13, 4, 89.1, 22.6, '2024-02-08'),
(14, 8, 92.0, 20.0, '2024-02-13'),
(15, 8, 79.0, 20.0, '2024-02-13'),
(16, 5, 66.5, 19.2, '2024-03-05'),
(17, 6, 88.0, 24.5, '2024-03-06'),
(18, 7, 86.0, 23.8, '2024-03-07'),
(19, 9, 82.0, 18.5, '2024-03-08'),
(20, 10, 76.5, 16.8, '2024-03-09'),
(21, 11, 78.0, 17.5, '2024-03-10'),
(22, 12, 75.0, 19.0, '2024-03-11'),
(23, 13, 74.0, 18.8, '2024-03-12'),
(24, 14, 70.0, 14.5, '2024-03-13'),
(25, 15, 85.0, 20.0, '2024-03-14'),
(26, 1, 74.5, 18.9, '2024-03-15'),
(27, 2, 93.0, 23.5, '2024-03-16'),
(28, 3, 75.0, 19.1, '2024-03-17'),
(29, 4, 91.2, 25.0, '2024-03-18'),
(30, 5, 68.5, 20.0, '2024-04-05'),
(31, 6, 87.0, 23.9, '2024-04-06'),
(32, 7, 85.0, 23.7, '2024-04-07'),
(33, 9, 81.0, 18.4, '2024-04-08'),
(34, 10, 75.5, 16.5, '2024-04-09'),
(35, 11, 77.5, 17.4, '2024-04-10'),
(36, 12, 74.0, 18.5, '2024-04-11'),
(37, 13, 73.0, 18.3, '2024-04-12'),
(38, 14, 69.0, 14.2, '2024-04-13'),
(39, 15, 84.0, 19.5, '2024-04-14'),
(40, 1, 73.5, 18.0, '2024-04-15'),
(41, 2, 92.0, 23.0, '2024-04-16'),
(42, 3, 74.0, 19.0, '2024-04-17'),
(43, 4, 90.0, 24.8, '2024-04-18'),
(44, 5, 67.0, 19.5, '2024-05-05'),
(45, 6, 86.0, 23.2, '2024-05-06'),
(46, 7, 84.0, 23.0, '2024-05-07'),
(47, 9, 80.0, 18.0, '2024-05-08'),
(48, 10, 74.5, 16.0, '2024-05-09'),
(49, 11, 77.0, 17.0, '2024-05-10'),
(50, 12, 73.0, 18.0, '2024-05-11'),
(51, 13, 72.0, 17.8, '2024-05-12'),
(52, 14, 68.0, 14.0, '2024-05-13'),
(53, 15, 83.0, 19.0, '2024-05-14'),
(54, 1, 72.5, 17.8, '2024-05-15'),
(55, 2, 91.0, 22.8, '2024-05-16'),
(56, 3, 73.0, 18.5, '2024-05-17'),
(57, 4, 89.0, 24.5, '2024-05-18'),
(58, 5, 66.0, 19.0, '2024-06-05'),
(59, 6, 85.0, 23.0, '2024-06-06'),
(60, 7, 83.0, 22.8, '2024-06-07'),
(61, 9, 79.0, 17.5, '2024-06-08'),
(62, 10, 74.0, 15.8, '2024-06-09'),
(63, 11, 76.5, 16.8, '2024-06-10'),
(64, 12, 72.0, 17.5, '2024-06-11'),
(65, 13, 71.0, 17.2, '2024-06-12'),
(66, 14, 67.5, 13.8, '2024-06-13'),
(67, 15, 82.0, 18.5, '2024-06-14'),
(68, 1, 71.5, 17.2, '2024-06-15'),
(69, 2, 90.0, 22.0, '2024-06-16'),
(70, 3, 72.0, 18.0, '2024-06-17'),
(71, 4, 88.0, 24.0, '2024-06-18'),
(72, 5, 65.0, 18.5, '2024-07-05'),
(73, 6, 84.0, 22.5, '2024-07-06'),
(74, 7, 82.0, 22.2, '2024-07-07'),
(75, 9, 78.0, 17.2, '2024-07-08'),
(76, 10, 73.5, 15.5, '2024-07-09'),
(77, 11, 76.0, 16.5, '2024-07-10'),
(78, 12, 71.0, 17.0, '2024-07-11'),
(79, 13, 70.0, 17.0, '2024-07-12'),
(80, 14, 67.0, 13.5, '2024-07-13'),
(81, 15, 81.0, 18.0, '2024-07-14'),
(82, 1, 70.5, 16.8, '2024-07-15'),
(83, 2, 89.0, 21.5, '2024-07-16'),
(84, 3, 71.0, 17.5, '2024-07-17'),
(85, 4, 87.0, 23.8, '2024-07-18'),
(86, 5, 64.0, 18.0, '2024-08-05'),
(87, 6, 83.0, 22.0, '2024-08-06'),
(88, 7, 81.0, 21.8, '2024-08-07'),
(89, 9, 77.0, 16.8, '2024-08-08'),
(90, 10, 73.0, 15.0, '2024-08-09'),
(91, 11, 75.5, 16.2, '2024-08-10'),
(92, 12, 70.0, 16.5, '2024-08-11'),
(93, 13, 69.0, 16.0, '2024-08-12'),
(94, 14, 66.5, 13.2, '2024-08-13'),
(95, 15, 80.0, 17.5, '2024-08-14'),
(96, 1, 69.5, 16.5, '2024-08-15'),
(97, 2, 88.0, 21.0, '2024-08-16'),
(98, 3, 70.0, 17.2, '2024-08-17'),
(99, 5, 63.5, 17.8, '2024-09-05'),
(100, 6, 82.0, 21.5, '2024-09-06'),
(101, 7, 80.0, 21.0, '2024-09-07'),
(102, 9, 76.0, 16.0, '2024-09-08'),
(103, 10, 72.0, 14.8, '2024-09-09'),
(104, 11, 75.0, 16.0, '2024-09-10'),
(105, 12, 69.0, 16.0, '2024-09-11'),
(106, 13, 68.0, 15.8, '2024-09-12'),
(107, 14, 65.0, 13.0, '2024-09-13'),
(108, 15, 79.0, 17.0, '2024-09-14'),
(109, 1, 68.5, 16.2, '2024-09-15'),
(110, 2, 87.0, 20.8, '2024-09-16'),
(111, 3, 69.0, 17.0, '2024-09-17'),
(112, 4, 86.0, 23.0, '2024-09-18'),
(113, 5, 62.5, 17.5, '2024-10-05'),
(114, 6, 81.0, 21.0, '2024-10-06'),
(115, 7, 79.0, 20.5, '2024-10-07'),
(116, 9, 75.0, 15.5, '2024-10-08'),
(117, 10, 71.5, 14.5, '2024-10-09'),
(118, 11, 74.5, 15.5, '2024-10-10'),
(119, 12, 68.0, 15.5, '2024-10-11'),
(120, 13, 67.0, 15.2, '2024-10-12'),
(121, 14, 64.0, 12.8, '2024-10-13'),
(122, 15, 78.0, 16.5, '2024-10-14'),
(123, 1, 67.5, 15.8, '2024-10-15'),
(124, 2, 86.0, 20.2, '2024-10-16'),
(125, 3, 68.0, 16.8, '2024-10-17'),
(126, 4, 85.0, 22.5, '2024-10-18'),
(127, 5, 61.5, 17.2, '2024-11-05'),
(128, 6, 80.0, 20.5, '2024-11-06'),
(129, 7, 78.0, 20.0, '2024-11-07'),
(130, 9, 74.0, 15.0, '2024-11-08'),
(131, 10, 71.0, 14.0, '2024-11-09'),
(132, 11, 74.0, 15.0, '2024-11-10'),
(133, 12, 67.0, 15.0, '2024-11-11'),
(134, 13, 66.0, 14.8, '2024-11-12'),
(135, 14, 63.0, 12.5, '2024-11-13'),
(136, 15, 77.0, 16.2, '2024-11-14'),
(137, 1, 66.5, 15.5, '2024-11-15'),
(138, 2, 85.0, 19.8, '2024-11-16'),
(139, 3, 67.0, 16.5, '2024-11-17'),
(140, 4, 84.0, 22.0, '2024-11-18'),
(141, 5, 60.5, 17.0, '2024-12-05'),
(142, 6, 79.0, 20.0, '2024-12-06'),
(143, 7, 77.0, 19.5, '2024-12-06'),
(144, 9, 73.0, 14.5, '2024-12-06'),
(145, 10, 70.5, 13.8, '2024-12-06'),
(146, 11, 73.5, 14.5, '2024-12-06'),
(147, 12, 66.0, 14.5, '2024-12-06'),
(148, 13, 65.0, 14.2, '2024-12-06'),
(149, 14, 62.5, 12.2, '2024-12-06'),
(150, 15, 76.0, 16.0, '2024-12-06'),
(151, 1, 65.5, 15.2, '2024-12-06'),
(152, 2, 84.0, 19.5, '2024-12-06'); 


/*
INSERT INTO registrations (registration_id, customer_id, registration_date, status) VALUES
(1, 2, '2024-01-04', 'PAID'),
(2, 3, '2024-01-05', 'UNPAID'),
(3, 5, '2024-01-06', 'UNPAID'),
...
(12, 11, '2024-02-06', 'UNPAID'),
(13, 13, '2024-02-07', 'UNPAID');
*/ -- we decided to IMPORT from excel this data


INSERT INTO supplier (supplier_id, supplier_name, supplier_phone, supplier_email, supplier_address) VALUES
('1','Niagara Fitness Solutions', '(905) 685-7775', 'info@yourfitnesssolutions.ca', '25 Maywood Ave, St Catharines, ON L2R1C5'),
('2','AMG Fitness Equipment', '(123) 456-7890', 'sales@amgfitnessequipment.com', '123 Fitness St, Suite 100, City, State'),
('3','Perfect Gym Equipment', '(987) 654-3210', 'contact@perfectgym.com', '456 Gym Lane, Town, Country'),
('4','Fitness Gear Co.', '(321) 987-6543', 'support@fitnessgearco.com', '789 Sports Blvd, City, State'),
('5','GymPro Supplies', '(456) 123-7890', 'info@gymprosupplies.com', '321 Athletic Way, City, State'),
('6','Elite Fitness Solutions', '(789) 456-1230', 'contact@elitefitness.com', '654 Workout Ave, City, State'),
('7','Ultimate Gym Equipment', '(123) 789-4560', 'sales@ultimategymequipment.com', '987 Gym St, Town, Country'),
('8','ProFit Equipment', '(456) 789-1230', 'info@profitequipment.com', '321 Exercise Blvd, City, State'),
('9','Prime Fitness Gear', '(789) 321-6540', 'support@primefitnessgear.com', '654 Fitness Lane, City, State'),
('10','Champion Gym Supplies', '(123) 654-7890', 'sales@championgym.com', '321 Sport St, Town, Country'),
('11','Stronghold Fitness', '(456) 321-9870', 'info@strongholdfitness.com', '987 Athletic Ave, City, State'),
('12','MaxFit Equipment', '(321) 654-1230', 'support@maxfitequipment.com', '123 Fitness Blvd, Town, Country'),
('13','Apex Gym Supplies', '(654) 123-7890', 'sales@apexgym.com', '456 Workout St, City, State'),
('14','Titan Fitness Gear', '(321) 789-6540', 'contact@titanfitness.com', '789 Sport Ave, Town, Country'),
('15','Velocity Fitness Supplies', '(987) 123-4560', 'info@velocityfitness.com', '321 Exercise Lane, City, State'),
('16','Dynamic Gym Equipment', '(654) 789-3210', 'support@dynamicgym.com', '456 Workout Blvd, Town, Country'),
('17','ProEdge Fitness Gear', '(321) 123-9870', 'sales@proedgefitness.com', '789 Fitness St, City, State'),
('18','Elevate Gym Supplies', '(654) 321-9870', 'info@elevategym.com', '123 Athletic Ave, Town, Country'),
('19','Superior Fitness Equipment', '(321) 987-6540', 'support@superiorfitness.com', '456 Sport Blvd, City, State'),
('20','Excellence Gym Supplies', '(654) 987-3210', 'sales@excellencegym.com', '789 Exercise Lane, Town, Country'),
('21','Summit Fitness Gear', '(123) 456-9870', 'info@summitfitness.com', '321 Workout St, City, State'),
('22','Pinnacle Gym Equipment', '(654) 123-4560', 'support@pinnaclegym.com', '456 Sport Ave, Town, Country'),
('23','Optimum Fitness Solutions', '(987) 654-1230', 'sales@optimumfitness.com', '789 Exercise Blvd, City, State'),
('24','Peak Performance Gear', '(321) 654-9870', 'info@peakperformance.com', '123 Workout Lane, Town, Country'),
('25','Elite Athlete Supplies', '(987) 321-6540', 'support@eliteathlete.com', '456 Fitness Ave, City, State'),
('26','Advanced Gym Equipment', '(123) 789-3210', 'sales@advancedgym.com', '789 Sport St, Town, Country'),
('27','Precision Fitness Gear', '(654) 987-1230', 'info@precisionfitness.com', '321 Exercise Ave, City, State'),
('28','Next Level Gym Supplies', '(321) 123-6540', 'support@nextlevelgym.com', '456 Workout Blvd, Town, Country'),
('29','Supreme Fitness Solutions', '(987) 456-3210', 'sales@supremefitness.com', '789 Sport Lane, City, State'),
('30','Infinity Gym Equipment', '(123) 654-3210', 'info@infinitygym.com', '321 Athletic St, Town, Country'),
('31','Vitality Fitness Gear', '(654) 789-1230', 'support@vitalityfitness.com', '456 Exercise Ave, City, State'),
('32','Endurance Gym Supplies', '(987) 321-7890', 'sales@endurancegym.com', '789 Workout Blvd, Town, Country'),
('33','Prime Athlete Equipment', '(321) 456-1230', 'info@primeathlete.com', '123 Fitness Lane, City, State'),
('34','Performance Gear Co.', '(654) 123-9870', 'support@performancegear.com', '456 Sport Ave, Town, Country'),
('35','Zenith Gym Equipment', '(987) 654-3210', 'sales@zenithgym.com', '789 Exercise St, City, State'),
('36','Ascend Fitness Solutions', '(321) 789-4560', 'info@ascendfitness.com', '123 Workout Blvd, Town, Country'),
('37','Excel Gym Supplies', '(654) 321-4560', 'support@excelgym.com', '456 Fitness Lane, City, State'),
('38','PeakFit Equipment', '(987) 123-7890', 'sales@peakfit.com', '789 Sport Blvd, Town, Country'),
('39','Ultimate Athlete Gear', '(321) 987-1230', 'info@ultimateathlete.com', '123 Exercise Ave, City, State'),
('40','Pro Performance Supplies', '(654) 789-6540', 'support@properformance.com', '456 Workout Lane, Town, Country'),
('41','Champion Fitness Solutions', '(987) 321-1230', 'sales@championfitness.com', '789 Fitness Ave, City, State'),
('42','Endeavor Gym Equipment', '(123) 456-6540', 'info@endeavorgym.com', '321 Sport Blvd, Town, Country'),
('43','Elevate Fitness Gear', '(654) 987-4560', 'support@elevatefitness.com', '456 Exercise St, City, State'),
('44','Optimum Gym Supplies', '(321) 654-7890', 'sales@optimumgym.com', '789 Workout Ave, Town, Country'),
('45','Prime Fitness Equipment', '(987) 123-4560', 'info@primefitness.com', '123 Athletic Blvd, City, State');



INSERT INTO inventory (product_id, product_name, category, available_quantity, supplier_id, product_price) VALUES
(1, 'Yoga Mat', 'Accessories', 50, 1, 19.99),
(2, 'Dumbbell Set', 'Equipment', 30, 2, 49.99),
(3, 'Treadmill', 'Equipment', 10, 3, 799.99),
(4, 'Resistance Bands', 'Accessories', 75, 4, 14.99),
(5, 'Foam Roller', 'Accessories', 40, 5, 24.99),
(6, 'Pre-Workout Powder', 'Supplements', 100, 1, 29.99),
(7, 'Protein Shake (1 lb)', 'Supplements', 150, 2, 24.99),
(8, 'Kettlebell (20 lb)', 'Equipment', 20, 3, 34.99),
(9, 'Fitness Tracker Watch', 'Electronics', 45, 4, 119.99),
(10, 'Multivitamins (90 caps)', 'Supplements', 200, 5, 18.99),
(11, 'Exercise Bike', 'Equipment', 15, 1, 300.99),
(12, 'Gym Gloves', 'Accessories', 80, 23, 14.99),
(13, 'Weightlifting Belt', 'Accessories', 60, 15, 29.99),
(14, 'Jump Rope', 'Accessories', 150, 39, 9.99),
(15, 'Spin Bike', 'Equipment', 12, 7, 349.99),
(16, 'Rowing Machine', 'Equipment', 8, 27, 499.99),
(17, 'Whey Protein (2 lb)', 'Supplements', 120, 19, 39.99),
(18, 'BCAA Powder', 'Supplements', 200, 5, 34.99),
(19, 'Smart Scale', 'Electronics', 35, 34, 69.99),
(20, 'Exercise Ball', 'Accessories', 70, 22, 19.99),
(21, 'Pull-Up Bar', 'Equipment', 25, 31, 49.99),
(22, 'Fitness App Subscription (1 year)', 'Electronics', 100, 40, 99.99),
(23, 'Creatine Monohydrate', 'Supplements', 180, 16, 24.99),
(24, 'Yoga Block', 'Accessories', 90, 10, 12.99),
(25, 'Speed Ladder', 'Accessories', 60, 8, 34.99),
(26, 'Bench Press', 'Equipment', 15, 2, 229.99),
(27, 'Ab Wheel', 'Accessories', 85, 25, 19.99),
(28, 'Elliptical Trainer', 'Equipment', 10, 6, 499.99),
(29, 'Massage Gun', 'Electronics', 40, 12, 129.99),
(30, 'Casein Protein (2 lb)', 'Supplements', 110, 44, 44.99),
(31, 'Trampoline', 'Equipment', 18, 21, 199.99),
(32, 'Fitness Tracker Band', 'Electronics', 50, 33, 79.99),
(33, 'TheraBand Resistance Bands', 'Accessories', 100, 4, 29.99),
(34, 'Agility Cones', 'Accessories', 150, 13, 14.99),
(35, 'Foam Roller Set', 'Accessories', 45, 17, 39.99),
(36, 'Adjustable Dumbbells', 'Equipment', 20, 36, 89.99),
(37, 'Power Rack', 'Equipment', 12, 32, 499.99),
(38, 'Fitness Ball Pump', 'Accessories', 80, 26, 9.99),
(39, 'Body Composition Monitor', 'Electronics', 35, 9, 99.99),
(40, 'Vegan Protein (1 lb)', 'Supplements', 130, 11, 34.99),
(41, 'Medicine Ball', 'Accessories', 55, 1, 24.99),
(42, 'Battle Ropes', 'Equipment', 25, 18, 74.99),
(43, 'Compression Sleeves', 'Accessories', 100, 24, 19.99),
(44, 'Adjustable Kettlebell', 'Equipment', 20, 41, 59.99),
(45, 'Treadmill Lubricant', 'Accessories', 75, 38, 14.99),
(46, 'Adjustable Weight Bench', 'Equipment', 18, 28, 149.99),
(47, 'Bluetooth Headphones', 'Electronics', 60, 29, 79.99),
(48, 'Pre-Workout Capsules', 'Supplements', 90, 14, 24.99),
(49, 'Ankle Weights', 'Accessories', 70, 37, 19.99),
(50, 'Rowing Machine Mat', 'Accessories', 40, 20, 24.99),
(51, 'Interval Timer', 'Electronics', 55, 45, 49.99),
(52, 'Resistance Band Set', 'Accessories', 100, 3, 29.99),
(53, 'Wrist Wraps', 'Accessories', 60, 35, 14.99),
(54, 'Adjustable Barbell', 'Equipment', 20, 43, 129.99),
(55, 'Powerlifting Shoes', 'Accessories', 30, 30, 89.99);


INSERT INTO workouts (workout_id, workout_name, workout_description, workout_duration) VALUES
(1, 'Cardio Blast', 'High-intensity cardio session', 30),
(2, 'Strength Training', 'Full-body strength workout with weights', 45),
(3, 'Yoga Flow', 'Relaxing yoga session to improve flexibility', 60),
(4, 'HIIT Power', 'High-Intensity Interval Training', 20),
(5, 'Core Crusher', 'Abdominal workout to strengthen the core', 25),
(6, 'Cardio Blast', 'High-intensity interval training to boost cardiovascular health', 30),
(7, 'Strength Training', 'Weightlifting routine focused on building muscle strength', 45),
(8, 'Yoga Flow', 'A series of yoga poses for flexibility and relaxation', 60),
(9, 'HIIT', 'High-Intensity Interval Training for full-body workout', 20),
(10, 'Pilates Core', 'Core-focused pilates routine for strength and stability', 40),
(11, 'Spin Class', 'Indoor cycling session with varying intensity levels', 45),
(12, 'Zumba Dance', 'Dance-based workout for cardio and fun', 50),
(13, 'Bootcamp', 'Intense circuit training combining cardio and strength', 60),
(14, 'Aerobics', 'Classic aerobics session for cardiovascular fitness', 40),
(15, 'Boxing Workout', 'Boxing drills and techniques for cardio and strength', 45),
(16, 'CrossFit', 'Varied functional movements performed at high intensity', 45),
(17, 'Stretching Routine', 'Full-body stretching to improve flexibility', 20),
(18, 'Swimming Laps', 'Pool session focused on endurance swimming', 30),
(19, 'Bodyweight Training', 'Strength exercises using only body weight', 35),
(20, 'Dance Cardio', 'Dance routines to elevate heart rate and burn calories', 45),
(21, 'Step Aerobics', 'Cardio workout using a step platform', 40),
(22, 'BodyPump', 'Strength training with barbells', 60),
(23, 'Dance Cardio', 'Dance routines for a cardio workout', 45),
(24, 'Kickboxing', 'Cardio workout with kickboxing techniques', 55),
(25, 'TRX Suspension Training', 'Bodyweight exercises using TRX suspension straps', 45),
(26, 'Hatha Yoga', 'Gentle yoga practice for relaxation', 60),
(27, 'Cycling', 'Outdoor or indoor cycling session', 50),
(28, 'Pilates Mat', 'Pilates exercises on a mat for core strength', 45),
(29, 'Interval Running', 'Alternating periods of running and walking', 30),
(30, 'Barre', 'Low-impact workout combining ballet, pilates, and yoga', 60),
(31, 'Functional Training', 'Exercises that mimic real-life movements', 45),
(32, 'Boxercise', 'Combination of boxing and cardio exercises', 40),
(33, 'Strength and Conditioning', 'Workout focusing on strength and cardiovascular fitness', 60),
(34, 'Booty Bootcamp', 'Workout focusing on glute and leg muscles', 45),
(35, 'Powerlifting', 'Weightlifting focusing on squat, bench press, and deadlift', 60),
(36, 'Circuit Training', 'Series of exercises performed in rotation', 30),
(37, 'KickFit', 'Combination of kickboxing and functional fitness', 50),
(38, 'Strongman Training', 'Workout using unconventional equipment and heavy lifting', 60),
(39, 'Flexibility Flow', 'Exercises to improve flexibility and range of motion', 30),
(40, 'Athletic Conditioning', 'High-intensity workout for athletic performance', 45),
(41, 'Body Sculpt', 'Strength training for muscle toning', 60),
(42, 'Tai Chi', 'Gentle martial arts movements for balance and relaxation', 45),
(43, 'Rowing', 'Cardio workout using a rowing machine', 40),
(44, 'Kettlebell Cardio', 'Cardio workout using kettlebells', 30),
(45, 'Piloxing', 'Combination of pilates, boxing, and dance', 55),
(46, 'Abs and Arms', 'Targeted workout for abdominal and arm muscles', 30),
(47, 'Spin and Sculpt', 'Combination of indoor cycling and strength training', 45),
(48, 'Mindful Yoga', 'Yoga practice with a focus on mindfulness', 60),
(49, 'BodyAttack', 'High-energy fitness class combining athletic movements', 55),
(50, 'Power Circuit', 'Circuit training with a focus on power and strength', 45),
(51, 'Mobility and Stability', 'Exercises to improve joint mobility and stability', 30),
(52, 'Boxing Bootcamp', 'High-intensity boxing drills and strength exercises', 60),
(53, 'Rope Training', 'Cardio workout using battle ropes', 30),
(54, 'Stretch and Strengthen', 'Combination of stretching and strength exercises', 45),
(55, 'Dynamic Stretch', 'Active stretching exercises for flexibility', 30),
(56, 'Total Body Conditioning', 'Full-body workout combining cardio and strength', 60),
(57, 'Sculpt and Tone', 'Workout focusing on muscle toning and definition', 45),
(58, 'Aerial Yoga', 'Yoga practice using aerial hammocks', 60),
(59, 'Strength Circuit', 'Circuit training with a focus on strength exercises', 45),
(60, 'Aqua Zumba', 'Water-based Zumba workout', 50),
(61, 'Strength and Flexibility', 'Combination of strength training and flexibility exercises', 45),
(62, 'Boxing Strength', 'Boxing workout with strength training components', 60),
(63, 'Dance Fusion', 'Dance-based cardio workout with various dance styles', 50),
(64, 'Cycling Interval', 'Indoor cycling with interval training', 45),
(65, 'Core and More', 'Core-focused workout with additional strength exercises', 40),
(66, 'Barre Fusion', 'Combination of barre, pilates, and yoga exercises', 50),
(67, 'Strength for Beginners', 'Introductory strength training workout', 30),
(68, 'Cardio Kickboxing', 'Cardio workout with kickboxing moves', 45),
(69, 'Advanced Strength', 'Advanced strength training routine', 60),
(70, 'Stretch and Balance', 'Exercises to improve flexibility and balance', 30),
(71, 'Power Yoga Sculpt', 'Dynamic yoga practice with strength exercises', 60),
(72, 'Bootcamp Express', 'Short and intense bootcamp-style workout', 30),
(73, 'Core Yoga', 'Yoga poses focused on strengthening the core', 45),
(74, 'Dance Party', 'Fun dance-based cardio workout', 50),
(75, 'Strength Intervals', 'Strength training with interval-based exercises', 45),
(76, 'Yoga Sculpt', 'Combination of yoga and strength training', 60),
(77, 'Cardio Circuit', 'Cardio exercises performed in a circuit', 40),
(78, 'Morning Flow', 'Gentle yoga practice to start the day', 30),
(79, 'CrossFit', 'High-intensity functional training', 45),
(80, 'Power Yoga', 'Dynamic yoga practice for strength and flexibility', 60),
(81, 'Aqua Aerobics', 'Water-based aerobics workout', 50),
(82, 'Tabata', 'Short bursts of high-intensity exercise', 20),
(83, 'Stretch and Flex', 'Stretching exercises for flexibility and relaxation', 30);


INSERT INTO classes (class_id, class_name, class_duration, class_maxCapacity, trainer_id, class_dateTime, workout_id) VALUES
(1, 'Total Body Conditioning', 60, 20, 6, '2024-02-11 08:00:00', 56),
(2, 'Sculpt and Tone', 45, 12, 10, '2024-02-11 10:00:00', 57),
(3, 'Aerial Yoga', 60, 8, 14, '2024-02-12 08:00:00', 58),
(4, 'Strength Circuit', 45, 24, 2, '2024-02-12 10:00:00', 59),
(5, 'Aqua Zumba', 50, 16, 8, '2024-02-13 08:00:00', 60),
(6, 'Strength and Flexibility', 45, 18, 17, '2024-02-13 10:00:00', 61),
(7, 'Boxing Strength', 60, 24, 11, '2024-02-14 08:00:00', 62),
(8, 'Dance Fusion', 50, 14, 4, '2024-02-14 10:00:00', 63),
(9, 'Cycling Interval', 45, 10, 9, '2024-02-15 08:00:00', 64),
(10, 'Core and More', 40, 21, 13, '2024-02-15 10:00:00', 65),
(11, 'Core and More', 40, 21, 13, '2024-02-10 17:00:00', 65),
(12, 'Barre Fusion', 50, 14, 7, '2024-02-11 08:00:00', 66),
(13, 'Strength for Beginners', 30, 17, 2, '2024-02-11 10:00:00', 67),
(14, 'Cardio Kickboxing', 45, 20, 16, '2024-02-12 08:00:00', 68),
(15, 'Advanced Strength', 60, 23, 18, '2024-02-12 10:00:00', 69),
(16, 'Stretch and Balance', 30, 12, 4, '2024-02-13 08:00:00', 70),
(17, 'Power Yoga Sculpt', 60, 24, 11, '2024-02-13 10:00:00', 71),
(18, 'Bootcamp Express', 30, 9, 6, '2024-02-14 08:00:00', 72),
(19, 'Core Yoga', 45, 22, 5, '2024-02-14 10:00:00', 73),
(20, 'Dance Party', 50, 19, 9, '2024-02-15 08:00:00', 74),
(21, 'Strength Intervals', 45, 10, 17, '2024-02-15 10:00:00', 75),
(22, 'Yoga Sculpt', 60, 8, 1, '2024-02-16 08:00:00', 76),
(23, 'Cardio Circuit', 40, 14, 13, '2024-02-16 10:00:00', 77),
(24, 'Morning Flow', 30, 21, 3, '2024-02-17 08:00:00', 78),
(25, 'Total Body Conditioning', 60, 23, 15, '2024-02-17 10:00:00', 56),
(26, 'Sculpt and Tone', 45, 9, 12, '2024-02-18 08:00:00', 57),
(27, 'Aerial Yoga', 60, 12, 14, '2024-02-18 10:00:00', 58),
(28, 'Strength Circuit', 45, 16, 2, '2024-02-19 08:00:00', 59),
(29, 'Aqua Zumba', 50, 18, 11, '2024-02-19 10:00:00', 60),
(30, 'Strength and Flexibility', 45, 22, 7, '2024-02-20 08:00:00', 61),
(31, 'Boxing Strength', 60, 19, 5, '2024-02-20 10:00:00', 62),
(32, 'Dance Fusion', 50, 24, 8, '2024-02-21 08:00:00', 63),
(33, 'Cycling Interval', 45, 10, 6, '2024-02-21 10:00:00', 64),
(34, 'Core and More', 40, 15, 10, '2024-02-22 08:00:00', 65),
(35, 'Barre Fusion', 50, 12, 3, '2024-02-22 10:00:00', 66),
(36, 'Strength for Beginners', 30, 18, 17, '2024-02-23 08:00:00', 67),
(37, 'Cardio Kickboxing', 45, 23, 16, '2024-02-23 10:00:00', 68),
(38, 'Advanced Strength', 60, 8, 1, '2024-02-24 08:00:00', 69),
(39, 'Stretch and Balance', 30, 24, 18, '2024-02-24 10:00:00', 70),
(40, 'Yoga Sculpt', 60, 24, 5, '2024-03-15 08:00:00', 76),
(41, 'Cardio Circuit', 40, 13, 7, '2024-03-15 10:00:00', 77),
(42, 'Morning Flow', 30, 18, 13, '2024-03-16 08:00:00', 78),
(43, 'Total Body Conditioning', 60, 20, 9, '2024-03-16 10:00:00', 56),
(44, 'Sculpt and Tone', 45, 23, 2, '2024-03-17 08:00:00', 57),
(45, 'Aerial Yoga', 60, 12, 18, '2024-03-17 10:00:00', 58),
(46, 'Strength Circuit', 45, 14, 4, '2024-03-18 08:00:00', 59),
(47, 'Aqua Zumba', 50, 17, 15, '2024-03-18 10:00:00', 60),
(48, 'Strength and Flexibility', 45, 24, 8, '2024-03-19 08:00:00', 61),
(49, 'Boxing Strength', 60, 16, 11, '2024-03-19 10:00:00', 62),
(50, 'Dance Fusion', 50, 12, 14, '2024-03-20 08:00:00', 63),
(51, 'Cycling Interval', 45, 22, 1, '2024-03-20 10:00:00', 64),
(52, 'Core and More', 40, 18, 12, '2024-03-21 08:00:00', 65),
(53, 'Barre Fusion', 50, 13, 7, '2024-03-21 10:00:00', 66),
(54, 'Strength for Beginners', 30, 15, 3, '2024-03-22 08:00:00', 67),
(55, 'Cardio Kickboxing', 45, 10, 5, '2024-03-22 10:00:00', 68),
(56, 'Advanced Strength', 60, 14, 17, '2024-03-23 08:00:00', 69),
(57, 'Stretch and Balance', 30, 23, 18, '2024-03-23 10:00:00', 70),
(58, 'Power Yoga Sculpt', 60, 20, 6, '2024-03-24 08:00:00', 71),
(59, 'Bootcamp Express', 30, 24, 16, '2024-03-24 10:00:00', 72),
(60, 'Core Yoga', 45, 9, 10, '2024-03-25 08:00:00', 73),
(61, 'Dance Party', 50, 21, 8, '2024-03-25 10:00:00', 74),
(62, 'Strength Intervals', 45, 11, 13, '2024-03-26 08:00:00', 75),
(63, 'Yoga Sculpt', 60, 14, 9, '2024-03-26 10:00:00', 76),
(64, 'Cardio Circuit', 40, 12, 4, '2024-03-27 08:00:00', 77),
(65, 'Morning Flow', 30, 19, 7, '2024-03-27 10:00:00', 78),
(66, 'Total Body Conditioning', 60, 24, 18, '2024-03-28 08:00:00', 56),
(67, 'Sculpt and Tone', 45, 16, 17, '2024-03-28 10:00:00', 57),
(68, 'Aerial Yoga', 60, 13, 15, '2024-03-29 08:00:00', 58),
(69, 'Strength Circuit', 45, 22, 11, '2024-03-29 10:00:00', 59),
(70, 'Aqua Zumba', 50, 14, 14, '2024-03-30 08:00:00', 60),
(71, 'Strength and Flexibility', 45, 21, 3, '2024-03-30 10:00:00', 61),
(72, 'Boxing Strength', 60, 8, 2, '2024-03-31 08:00:00', 62),
(73, 'Dance Fusion', 50, 18, 10, '2024-03-31 10:00:00', 63),
(74, 'Cycling Interval', 45, 14, 8, '2024-04-01 08:00:00', 64),
(75, 'Core and More', 40, 11, 12, '2024-04-01 10:00:00', 65),
(76, 'Barre Fusion', 50, 19, 7, '2024-04-02 08:00:00', 66),
(77, 'Strength for Beginners', 30, 20, 3, '2024-04-02 10:00:00', 67),
(78, 'Cardio Kickboxing', 45, 13, 17, '2024-04-03 08:00:00', 68),
(79, 'Advanced Strength', 60, 18, 16, '2024-04-03 10:00:00', 69),
(80, 'Stretch and Balance', 30, 14, 11, '2024-04-04 08:00:00', 70),
(81, 'Power Yoga Sculpt', 60, 8, 4, '2024-04-04 10:00:00', 71),
(82, 'Bootcamp Express', 30, 23, 1, '2024-04-05 08:00:00', 72),
(83, 'Core Yoga', 45, 19, 13, '2024-04-05 10:00:00', 73),
(84, 'Dance Party', 50, 24, 5, '2024-04-06 08:00:00', 74),
(85, 'Strength Intervals', 45, 22, 6, '2024-04-06 10:00:00', 75),
(86, 'Yoga Sculpt', 60, 21, 18, '2024-04-07 08:00:00', 76),
(87, 'Cardio Circuit', 40, 8, 9, '2024-04-07 10:00:00', 77),
(88, 'Morning Flow', 30, 16, 12, '2024-04-08 08:00:00', 78),
(89, 'Total Body Conditioning', 60, 14, 15, '2024-04-08 10:00:00', 56),
(90, 'Sculpt and Tone', 45, 12, 11, '2024-04-09 08:00:00', 57),
(91, 'Aerial Yoga', 60, 24, 2, '2024-04-09 10:00:00', 58),
(92, 'Strength Circuit', 45, 21, 7, '2024-04-10 08:00:00', 59),
(93, 'Aqua Zumba', 50, 19, 8, '2024-04-10 10:00:00', 60),
(94, 'Strength and Flexibility', 45, 22, 14, '2024-04-11 08:00:00', 61),
(95, 'Boxing Strength', 60, 24, 17, '2024-04-11 10:00:00', 62),
(96, 'Dance Fusion', 50, 23, 10, '2024-04-12 08:00:00', 63),
(97, 'Yoga Sculpt', 60, 24, 5, '2024-03-15 08:00:00', 76),
(98, 'Cardio Circuit', 40, 13, 7, '2024-03-15 10:00:00', 77),
(99, 'Morning Flow', 30, 18, 13, '2024-03-16 08:00:00', 78),
(100, 'Total Body Conditioning', 60, 20, 9, '2024-03-16 10:00:00', 56),
(101, 'Sculpt and Tone', 45, 23, 2, '2024-03-17 08:00:00', 57),
(102, 'Aerial Yoga', 60, 12, 18, '2024-03-17 10:00:00', 58),
(103, 'Strength Circuit', 45, 14, 4, '2024-03-18 08:00:00', 59),
(104, 'Aqua Zumba', 50, 17, 15, '2024-03-18 10:00:00', 60),
(105, 'Strength and Flexibility', 45, 24, 8, '2024-03-19 08:00:00', 61),
(106, 'Boxing Strength', 60, 16, 11, '2024-03-19 10:00:00', 62),
(107, 'Dance Fusion', 50, 12, 14, '2024-03-20 08:00:00', 63),
(108, 'Cycling Interval', 45, 22, 1, '2024-03-20 10:00:00', 64),
(109, 'Core and More', 40, 18, 12, '2024-03-21 08:00:00', 65),
(110, 'Barre Fusion', 50, 13, 7, '2024-03-21 10:00:00', 66),
(111, 'Strength for Beginners', 30, 15, 3, '2024-03-22 08:00:00', 67),
(112, 'Cardio Kickboxing', 45, 10, 5, '2024-03-22 10:00:00', 68),
(113, 'Advanced Strength', 60, 14, 17, '2024-03-23 08:00:00', 69),
(114, 'Stretch and Balance', 30, 23, 18, '2024-03-23 10:00:00', 70),
(115, 'Power Yoga Sculpt', 60, 20, 6, '2024-03-24 08:00:00', 71),
(116, 'Bootcamp Express', 30, 24, 16, '2024-03-24 10:00:00', 72),
(117, 'Core Yoga', 45, 9, 10, '2024-03-25 08:00:00', 73),
(118, 'Dance Party', 50, 21, 8, '2024-03-25 10:00:00', 74),
(119, 'Strength Intervals', 45, 11, 13, '2024-03-26 08:00:00', 75),
(120, 'Yoga Sculpt', 60, 14, 9, '2024-03-26 10:00:00', 76),
(121, 'Cardio Circuit', 40, 12, 4, '2024-03-27 08:00:00', 77),
(122, 'Morning Flow', 30, 19, 7, '2024-03-27 10:00:00', 78),
(123, 'Total Body Conditioning', 60, 24, 18, '2024-03-28 08:00:00', 56),
(124, 'Sculpt and Tone', 45, 16, 17, '2024-03-28 10:00:00', 57),
(125, 'Aerial Yoga', 60, 13, 15, '2024-03-29 08:00:00', 58),
(126, 'Strength Circuit', 45, 22, 11, '2024-03-29 10:00:00', 59),
(127, 'Aqua Zumba', 50, 14, 14, '2024-03-30 08:00:00', 60),
(128, 'Strength and Flexibility', 45, 21, 3, '2024-03-30 10:00:00', 61),
(129, 'Boxing Strength', 60, 8, 2, '2024-03-31 08:00:00', 62),
(130, 'Dance Fusion', 50, 18, 10, '2024-03-31 10:00:00', 63),
(131, 'Cycling Interval', 45, 14, 8, '2024-04-01 08:00:00', 64),
(132, 'Core and More', 40, 11, 12, '2024-04-01 10:00:00', 65),
(133, 'Barre Fusion', 50, 19, 7, '2024-04-02 08:00:00', 66),
(134, 'Strength for Beginners', 30, 20, 3, '2024-04-02 10:00:00', 67),
(135, 'Cardio Kickboxing', 45, 13, 17, '2024-04-03 08:00:00', 68),
(136, 'Advanced Strength', 60, 18, 16, '2024-04-03 10:00:00', 69),
(137, 'Stretch and Balance', 30, 14, 11, '2024-04-04 08:00:00', 70),
(138, 'Power Yoga Sculpt', 60, 8, 4, '2024-04-04 10:00:00', 71),
(139, 'Bootcamp Express', 30, 23, 1, '2024-04-05 08:00:00', 72),
(140, 'Core Yoga', 45, 19, 13, '2024-04-05 10:00:00', 73),
(141, 'Dance Party', 50, 24, 5, '2024-04-06 08:00:00', 74),
(142, 'Strength Intervals', 45, 22, 6, '2024-04-06 10:00:00', 75),
(143, 'Yoga Sculpt', 60, 21, 18, '2024-04-07 08:00:00', 76),
(144, 'Cardio Circuit', 40, 8, 9, '2024-04-07 10:00:00', 77),
(145, 'Morning Flow', 30, 16, 12, '2024-04-08 08:00:00', 78),
(146, 'Total Body Conditioning', 60, 14, 15, '2024-04-08 10:00:00', 56),
(147, 'Sculpt and Tone', 45, 12, 11, '2024-04-09 08:00:00', 57),
(148, 'Aerial Yoga', 60, 24, 2, '2024-04-09 10:00:00', 58),
(149, 'Strength Circuit', 45, 21, 7, '2024-04-10 08:00:00', 59),
(150, 'Aqua Zumba', 50, 19, 8, '2024-04-10 10:00:00', 60),
(151, 'Strength and Flexibility', 45, 22, 14, '2024-04-11 08:00:00', 61),
(152, 'Boxing Strength', 60, 24, 17, '2024-04-11 10:00:00', 62),
(153, 'Dance Fusion', 50, 23, 10, '2024-04-12 08:00:00', 63),
(154, 'Cycling Interval', 45, 12, 3, '2024-04-12 10:00:00', 64),
(155, 'Core and More', 40, 24, 15, '2024-04-13 08:00:00', 65),
(156, 'Barre Fusion', 50, 10, 16, '2024-04-13 10:00:00', 66),
(157, 'Strength for Beginners', 30, 14, 12, '2024-04-14 08:00:00', 67),
(158, 'Cardio Kickboxing', 45, 18, 9, '2024-04-14 10:00:00', 68),
(159, 'Advanced Strength', 60, 21, 4, '2024-04-15 08:00:00', 69),
(160, 'Stretch and Balance', 30, 11, 5, '2024-04-15 10:00:00', 70),
(161, 'Power Yoga Sculpt', 60, 20, 13, '2024-04-16 08:00:00', 71),
(162, 'Bootcamp Express', 30, 15, 2, '2024-04-16 10:00:00', 72),
(163, 'Core Yoga', 45, 17, 8, '2024-04-17 08:00:00', 73),
(164, 'Dance Party', 50, 12, 14, '2024-04-17 10:00:00', 74),
(165, 'Strength Intervals', 45, 19, 1, '2024-04-18 08:00:00', 75),
(166, 'Yoga Sculpt', 60, 10, 7, '2024-04-18 10:00:00', 76),
(167, 'Cardio Circuit', 40, 22, 15, '2024-04-19 08:00:00', 77),
(168, 'Morning Flow', 30, 16, 17, '2024-04-19 10:00:00', 78),
(169, 'Total Body Conditioning', 60, 9, 18, '2024-04-20 08:00:00', 56),
(170, 'Sculpt and Tone', 45, 21, 12, '2024-04-20 10:00:00', 57),
(171, 'Aerial Yoga', 60, 13, 3, '2024-04-21 08:00:00', 58),
(172, 'Strength Circuit', 45, 8, 10, '2024-04-21 10:00:00', 59),
(173, 'Aqua Zumba', 50, 15, 5, '2024-04-22 08:00:00', 60),
(174, 'Strength and Flexibility', 45, 19, 1, '2024-04-22 10:00:00', 61),
(175, 'Boxing Strength', 60, 11, 6, '2024-04-23 08:00:00', 62),
(176, 'Dance Fusion', 50, 16, 14, '2024-04-23 10:00:00', 63),
(177, 'Cycling Interval', 45, 12, 17, '2024-04-24 08:00:00', 64),
(178, 'Core and More', 40, 8, 4, '2024-04-24 10:00:00', 65),
(179, 'Barre Fusion', 50, 24, 15, '2024-04-25 08:00:00', 66),
(180, 'Strength for Beginners', 30, 21, 7, '2024-04-25 10:00:00', 67),
(181, 'Cardio Kickboxing', 45, 17, 8, '2024-04-26 08:00:00', 68),
(182, 'Advanced Strength', 60, 9, 1, '2024-04-26 10:00:00', 69),
(183, 'Stretch and Balance', 30, 15, 6, '2024-04-27 08:00:00', 70),
(184, 'Power Yoga Sculpt', 60, 13, 16, '2024-04-27 10:00:00', 71),
(185, 'Bootcamp Express', 30, 18, 12, '2024-04-28 08:00:00', 72),
(186, 'Core Yoga', 45, 11, 4, '2024-04-28 10:00:00', 73),
(187, 'Dance Party', 50, 10, 5, '2024-04-29 08:00:00', 74),
(188, 'Strength Intervals', 45, 24, 9, '2024-04-29 10:00:00', 75),
(189, 'Yoga Sculpt', 60, 18, 4, '2024-04-30 08:00:00', 76),
(190, 'Cardio Circuit', 40, 15, 7, '2024-04-30 10:00:00', 77),
(191, 'Morning Flow', 30, 20, 12, '2024-05-01 08:00:00', 78),
(192, 'Total Body Conditioning', 60, 23, 3, '2024-05-01 10:00:00', 56),
(193, 'Sculpt and Tone', 45, 17, 18, '2024-05-02 08:00:00', 57),
(194, 'Aerial Yoga', 60, 16, 6, '2024-05-02 10:00:00', 58),
(195, 'Strength Circuit', 45, 24, 13, '2024-05-03 08:00:00', 59),
(196, 'Aqua Zumba', 50, 19, 2, '2024-05-03 10:00:00', 60),
(197, 'Strength and Flexibility', 45, 22, 10, '2024-05-04 08:00:00', 61),
(198, 'Boxing Strength', 60, 14, 15, '2024-05-04 10:00:00', 62),
(199, 'Dance Fusion', 50, 13, 16, '2024-05-05 08:00:00', 63),
(200, 'Cycling Interval', 45, 8, 5, '2024-05-05 10:00:00', 64),
(201, 'Core and More', 40, 17, 1, '2024-05-06 08:00:00', 65),
(202, 'Barre Fusion', 50, 19, 7, '2024-05-06 10:00:00', 66),
(203, 'Strength for Beginners', 30, 14, 14, '2024-05-07 08:00:00', 67),
(204, 'Cardio Kickboxing', 45, 23, 11, '2024-05-07 10:00:00', 68),
(205, 'Advanced Strength', 60, 21, 3, '2024-05-08 08:00:00', 69),
(206, 'Stretch and Balance', 30, 22, 17, '2024-05-08 10:00:00', 70),
(207, 'Power Yoga Sculpt', 60, 13, 9, '2024-05-09 08:00:00', 71),
(208, 'Bootcamp Express', 30, 10, 2, '2024-05-09 10:00:00', 72),
(209, 'Core Yoga', 45, 16, 5, '2024-05-10 08:00:00', 73),
(210, 'Dance Party', 50, 11, 13, '2024-05-10 10:00:00', 74),
(211, 'Strength Intervals', 45, 19, 6, '2024-05-11 08:00:00', 75),
(212, 'Yoga Sculpt', 60, 14, 4, '2024-05-11 10:00:00', 76),
(213, 'Cardio Circuit', 40, 18, 8, '2024-05-12 08:00:00', 77),
(214, 'Morning Flow', 30, 20, 12, '2024-05-12 10:00:00', 78),
(215, 'Total Body Conditioning', 60, 9, 16, '2024-05-13 08:00:00', 56),
(216, 'Sculpt and Tone', 45, 22, 17, '2024-05-13 10:00:00', 57),
(217, 'Aerial Yoga', 60, 24, 14, '2024-05-14 08:00:00', 58),
(218, 'Strength Circuit', 45, 12, 10, '2024-05-14 10:00:00', 59),
(219, 'Aqua Zumba', 50, 17, 11, '2024-05-15 08:00:00', 60),
(220, 'Strength and Flexibility', 45, 24, 15, '2024-05-15 10:00:00', 61),
(221, 'Boxing Strength', 60, 12, 2, '2024-05-15 12:00:00', 62),
(222, 'Dance Fusion', 50, 18, 4, '2024-05-16 08:00:00', 63),
(223, 'Cycling Interval', 45, 10, 6, '2024-05-16 10:00:00', 64),
(224, 'Core and More', 40, 15, 3, '2024-05-17 08:00:00', 65),
(225, 'Barre Fusion', 50, 14, 1, '2024-05-17 10:00:00', 66),
(226, 'Strength for Beginners', 30, 22, 5, '2024-05-18 08:00:00', 67),
(227, 'Cardio Kickboxing', 45, 21, 7, '2024-05-18 10:00:00', 68),
(228, 'Advanced Strength', 60, 23, 8, '2024-05-19 08:00:00', 69),
(229, 'Stretch and Balance', 30, 11, 9, '2024-05-19 10:00:00', 70),
(230, 'Power Yoga Sculpt', 60, 14, 10, '2024-05-20 08:00:00', 71),
(231, 'Bootcamp Express', 30, 18, 11, '2024-05-20 10:00:00', 72),
(232, 'Core Yoga', 45, 12, 12, '2024-05-21 08:00:00', 73),
(233, 'Dance Party', 50, 16, 13, '2024-05-21 10:00:00', 74),
(234, 'Strength Intervals', 45, 24, 14, '2024-05-22 08:00:00', 75),
(235, 'Yoga Sculpt', 60, 22, 15, '2024-05-22 10:00:00', 76),
(236, 'Cardio Circuit', 40, 10, 16, '2024-05-23 08:00:00', 77),
(237, 'Morning Flow', 30, 13, 17, '2024-05-23 10:00:00', 78),
(238, 'Total Body Conditioning', 60, 18, 18, '2024-05-24 08:00:00', 56),
(239, 'Sculpt and Tone', 45, 19, 1, '2024-05-24 10:00:00', 57),
(240, 'Aerial Yoga', 60, 16, 2, '2024-05-25 08:00:00', 58),
(241, 'Strength Circuit', 45, 21, 3, '2024-05-25 10:00:00', 59),
(242, 'Aqua Zumba', 50, 24, 4, '2024-05-26 08:00:00', 60),
(243, 'Strength and Flexibility', 45, 14, 5, '2024-05-26 10:00:00', 61),
(244, 'Boxing Strength', 60, 23, 6, '2024-05-27 08:00:00', 62),
(245, 'Dance Fusion', 50, 20, 7, '2024-05-27 10:00:00', 63),
(246, 'Cycling Interval', 45, 12, 8, '2024-05-28 08:00:00', 64),
(247, 'Core and More', 40, 10, 9, '2024-05-28 10:00:00', 65),
(248, 'Barre Fusion', 50, 11, 10, '2024-05-29 08:00:00', 66),
(249, 'Strength for Beginners', 30, 16, 11, '2024-05-29 10:00:00', 67),
(250, 'Cardio Kickboxing', 45, 22, 12, '2024-05-30 08:00:00', 68),
(251, 'Advanced Strength', 60, 17, 13, '2024-05-30 10:00:00', 69),
(252, 'Stretch and Balance', 30, 15, 14, '2024-05-31 08:00:00', 70),
(253, 'Power Yoga Sculpt', 60, 18, 15, '2024-05-31 10:00:00', 71),
(254, 'Bootcamp Express', 30, 24, 16, '2024-06-01 08:00:00', 72),
(255, 'Core Yoga', 45, 23, 17, '2024-06-01 10:00:00', 73),
(256, 'Dance Party', 50, 20, 18, '2024-06-02 08:00:00', 74),
(257, 'Strength Intervals', 45, 13, 1, '2024-06-02 10:00:00', 75),
(258, 'Yoga Sculpt', 60, 21, 2, '2024-06-03 08:00:00', 76),
(259, 'Cardio Circuit', 40, 9, 3, '2024-06-03 10:00:00', 77),
(260, 'Morning Flow', 30, 12, 4, '2024-06-04 08:00:00', 78),
(261, 'Total Body Conditioning', 60, 11, 5, '2024-06-04 10:00:00', 56),
(262, 'Sculpt and Tone', 45, 19, 6, '2024-06-05 08:00:00', 57),
(263, 'Aerial Yoga', 60, 16, 7, '2024-06-05 10:00:00', 58),
(264, 'Strength Circuit', 45, 14, 8, '2024-06-06 08:00:00', 59),
(265, 'Aqua Zumba', 50, 10, 9, '2024-06-06 10:00:00', 60),
(266, 'Strength and Flexibility', 45, 12, 10, '2024-06-07 08:00:00', 61),
(267, 'Boxing Strength', 60, 15, 11, '2024-06-07 10:00:00', 62),
(268, 'Dance Fusion', 50, 20, 12, '2024-06-08 08:00:00', 63),
(269, 'Cycling Interval', 45, 22, 13, '2024-06-08 10:00:00', 64),
(270, 'Core and More', 40, 18, 14, '2024-06-09 08:00:00', 65),
(271, 'Barre Fusion', 50, 21, 15, '2024-06-09 10:00:00', 66),
(272, 'Strength for Beginners', 30, 17, 16, '2024-06-10 08:00:00', 67),
(273, 'Cardio Kickboxing', 45, 10, 17, '2024-06-10 10:00:00', 68),
(274, 'Advanced Strength', 60, 14, 18, '2024-06-11 08:00:00', 69),
(275, 'Stretch and Balance', 30, 12, 1, '2024-06-11 10:00:00', 70),
(276, 'Power Yoga Sculpt', 60, 23, 2, '2024-06-12 08:00:00', 71),
(277, 'Bootcamp Express', 30, 16, 3, '2024-06-12 10:00:00', 72),
(278, 'Core Yoga', 45, 19, 4, '2024-06-13 08:00:00', 73),
(279, 'Dance Party', 50, 13, 5, '2024-06-13 10:00:00', 74),
(280, 'Strength Intervals', 45, 12, 6, '2024-06-14 08:00:00', 75),
(281, 'Yoga Sculpt', 60, 24, 7, '2024-06-14 10:00:00', 76),
(282, 'Cardio Circuit', 40, 22, 8, '2024-06-15 08:00:00', 77),
(283, 'Morning Flow', 30, 15, 9, '2024-06-15 10:00:00', 78),
(284, 'Total Body Conditioning', 60, 14, 10, '2024-06-16 08:00:00', 56),
(285, 'Sculpt and Tone', 45, 18, 11, '2024-06-16 10:00:00', 57),
(286, 'Aerial Yoga', 60, 20, 12, '2024-06-17 08:00:00', 58),
(287, 'Strength Circuit', 45, 11, 13, '2024-06-17 10:00:00', 59),
(288, 'Aqua Zumba', 50, 13, 14, '2024-06-18 08:00:00', 60),
(289, 'Strength and Flexibility', 45, 21, 15, '2024-06-18 10:00:00', 61),
(290, 'Boxing Strength', 60, 19, 16, '2024-06-19 08:00:00', 62),
(291, 'Dance Fusion', 50, 17, 17, '2024-06-19 10:00:00', 63),
(292, 'Cycling Interval', 45, 12, 18, '2024-06-20 08:00:00', 64),
(293, 'Core and More', 40, 23, 1, '2024-06-20 10:00:00', 65),
(294, 'Barre Fusion', 50, 24, 2, '2024-06-21 08:00:00', 66),
(295, 'Strength for Beginners', 30, 22, 3, '2024-06-21 10:00:00', 67),
(296, 'Cardio Kickboxing', 45, 10, 4, '2024-06-22 08:00:00', 68),
(297, 'Advanced Strength', 60, 20, 5, '2024-06-22 10:00:00', 69),
(298, 'Stretch and Balance', 30, 15, 6, '2024-06-23 08:00:00', 70),
(299, 'Power Yoga Sculpt', 60, 18, 7, '2024-06-23 10:00:00', 71),
(300, 'Bootcamp Express', 30, 9, 8, '2024-06-24 08:00:00', 72),
(301, 'Core Yoga', 45, 13, 9, '2024-06-24 10:00:00', 73),
(302, 'Dance Party', 50, 24, 10, '2024-06-25 08:00:00', 74),
(303, 'Strength Intervals', 45, 19, 11, '2024-06-25 10:00:00', 75),
(304, 'Yoga Sculpt', 60, 21, 12, '2024-06-26 08:00:00', 76),
(305, 'Cardio Circuit', 40, 17, 13, '2024-06-26 10:00:00', 77),
(306, 'Morning Flow', 30, 16, 14, '2024-06-27 08:00:00', 78),
(307, 'Total Body Conditioning', 60, 14, 15, '2024-06-27 10:00:00', 56),
(308, 'Sculpt and Tone', 45, 23, 16, '2024-06-28 08:00:00', 57),
(309, 'Aerial Yoga', 60, 9, 17, '2024-06-28 10:00:00', 58),
(310, 'Strength Circuit', 45, 20, 18, '2024-06-29 08:00:00', 59),
(311, 'Aqua Zumba', 50, 11, 1, '2024-06-29 10:00:00', 60),
(312, 'Strength and Flexibility', 45, 12, 2, '2024-06-30 08:00:00', 61),
(313, 'Boxing Strength', 60, 21, 3, '2024-06-30 10:00:00', 62),
(314, 'Dance Fusion', 50, 15, 4, '2024-07-01 08:00:00', 63),
(315, 'Cycling Interval', 45, 19, 5, '2024-07-01 10:00:00', 64),
(316, 'Core and More', 40, 17, 6, '2024-07-02 08:00:00', 65),
(317, 'Barre Fusion', 50, 22, 7, '2024-07-02 10:00:00', 66),
(318, 'Strength for Beginners', 30, 8, 8, '2024-07-03 08:00:00', 67),
(319, 'Cardio Kickboxing', 45, 12, 9, '2024-07-03 10:00:00', 68),
(320, 'Advanced Strength', 60, 24, 10, '2024-07-04 08:00:00', 69),
(321, 'Stretch and Balance', 30, 22, 11, '2024-07-04 10:00:00', 70),
(322, 'Power Yoga Sculpt', 60, 20, 12, '2024-07-05 08:00:00', 71),
(323, 'Bootcamp Express', 30, 9, 13, '2024-07-05 10:00:00', 72),
(324, 'Core Yoga', 45, 10, 14, '2024-07-06 08:00:00', 73),
(325, 'Dance Party', 50, 18, 15, '2024-07-06 10:00:00', 74),
(326, 'Strength Intervals', 45, 14, 16, '2024-07-07 08:00:00', 75),
(327, 'Yoga Sculpt', 60, 16, 17, '2024-07-07 10:00:00', 76),
(328, 'Cardio Circuit', 40, 22, 18, '2024-07-08 08:00:00', 77),
(329, 'Morning Flow', 30, 10, 1, '2024-07-08 10:00:00', 78),
(330, 'Total Body Conditioning', 60, 19, 2, '2024-07-09 08:00:00', 56),
(331, 'Cardio Kickboxing', 45, 21, 4, '2024-07-19 10:00:00', 68),
(332, 'Advanced Strength', 60, 13, 1, '2024-07-20 08:00:00', 69),
(333, 'Stretch and Balance', 30, 17, 9, '2024-07-20 10:00:00', 70),
(334, 'Power Yoga Sculpt', 60, 22, 8, '2024-07-21 08:00:00', 71),
(335, 'Bootcamp Express', 30, 24, 10, '2024-07-21 10:00:00', 72),
(336, 'Core Yoga', 45, 19, 13, '2024-07-22 08:00:00', 73),
(337, 'Dance Party', 50, 16, 12, '2024-07-22 10:00:00', 74),
(338, 'Strength Intervals', 45, 20, 14, '2024-07-23 08:00:00', 75),
(339, 'Yoga Sculpt', 60, 18, 7, '2024-07-23 10:00:00', 76),
(340, 'Cardio Circuit', 40, 11, 5, '2024-07-24 08:00:00', 77),
(341, 'Morning Flow', 30, 15, 6, '2024-07-24 10:00:00', 78),
(342, 'Total Body Conditioning', 60, 23, 2, '2024-07-25 08:00:00', 56),
(343, 'Sculpt and Tone', 45, 10, 15, '2024-07-25 10:00:00', 57),
(344, 'Aerial Yoga', 60, 14, 16, '2024-07-26 08:00:00', 58),
(345, 'Strength Circuit', 45, 24, 18, '2024-07-26 10:00:00', 59),
(346, 'Aqua Zumba', 50, 21, 11, '2024-07-27 08:00:00', 60),
(347, 'Strength and Flexibility', 45, 12, 17, '2024-07-27 10:00:00', 61),
(348, 'Boxing Strength', 60, 23, 1, '2024-07-28 08:00:00', 62),
(349, 'Dance Fusion', 50, 20, 3, '2024-07-28 10:00:00', 63),
(350, 'Cycling Interval', 45, 14, 14, '2024-07-29 08:00:00', 64),
(351, 'Core and More', 40, 22, 2, '2024-07-29 10:00:00', 65),
(352, 'Barre Fusion', 50, 18, 4, '2024-07-30 08:00:00', 66),
(353, 'Strength for Beginners', 30, 13, 5, '2024-07-30 10:00:00', 67),
(354, 'Cardio Kickboxing', 45, 19, 6, '2024-07-31 08:00:00', 68),
(355, 'Advanced Strength', 60, 16, 7, '2024-07-31 10:00:00', 69),
(356, 'Stretch and Balance', 30, 9, 8, '2024-08-01 08:00:00', 70),
(357, 'Power Yoga Sculpt', 60, 24, 9, '2024-08-01 10:00:00', 71),
(358, 'Bootcamp Express', 30, 21, 10, '2024-08-02 08:00:00', 72),
(359, 'Core Yoga', 45, 17, 11, '2024-08-02 10:00:00', 73),
(360, 'Dance Party', 50, 12, 12, '2024-08-03 08:00:00', 74),
(361, 'Strength Intervals', 45, 20, 13, '2024-08-03 10:00:00', 75),
(362, 'Yoga Sculpt', 60, 15, 14, '2024-08-04 08:00:00', 76),
(363, 'Cardio Circuit', 40, 18, 15, '2024-08-04 10:00:00', 77),
(364, 'Morning Flow', 30, 24, 16, '2024-08-05 08:00:00', 78),
(365, 'Total Body Conditioning', 60, 10, 17, '2024-08-05 10:00:00', 56),
(366, 'Sculpt and Tone', 45, 11, 18, '2024-08-06 08:00:00', 57),
(367, 'Aerial Yoga', 60, 23, 1, '2024-08-06 10:00:00', 58),
(368, 'Strength Circuit', 45, 22, 2, '2024-08-07 08:00:00', 59),
(369, 'Aqua Zumba', 50, 20, 3, '2024-08-07 10:00:00', 60),
(370, 'Strength and Flexibility', 45, 14, 4, '2024-08-08 08:00:00', 61),
(371, 'Boxing Strength', 60, 16, 5, '2024-08-08 10:00:00', 62),
(372, 'Dance Fusion', 50, 13, 6, '2024-08-09 08:00:00', 63),
(373, 'Cycling Interval', 45, 18, 7, '2024-08-09 10:00:00', 64),
(374, 'Core and More', 40, 11, 8, '2024-08-10 08:00:00', 65),
(375, 'Barre Fusion', 50, 19, 9, '2024-08-10 10:00:00', 66),
(376, 'Strength for Beginners', 30, 24, 10, '2024-08-11 08:00:00', 67),
(377, 'Cardio Kickboxing', 45, 15, 11, '2024-08-11 10:00:00', 68),
(378, 'Advanced Strength', 60, 20, 12, '2024-08-12 08:00:00', 69),
(379, 'Stretch and Balance', 30, 17, 13, '2024-08-12 10:00:00', 70),
(380, 'Power Yoga Sculpt', 60, 14, 14, '2024-08-13 08:00:00', 71),
(381, 'Bootcamp Express', 30, 22, 15, '2024-08-13 10:00:00', 72),
(382, 'Core Yoga', 45, 19, 16, '2024-08-14 08:00:00', 73),
(383, 'Dance Party', 50, 12, 17, '2024-08-14 10:00:00', 74),
(384, 'Strength Intervals', 45, 16, 18, '2024-08-15 08:00:00', 75),
(385, 'Yoga Sculpt', 60, 23, 1, '2024-08-15 10:00:00', 76),
(386, 'Stretch and Balance', 30, 24, 18, '2024-08-24 10:00:00', 70),
(387, 'Yoga Sculpt', 60, 20, 6, '2024-07-20 10:00:00', 76),
(388, 'Cardio Circuit', 40, 22, 14, '2024-07-21 08:00:00', 77),
(389, 'Dance Fusion', 50, 18, 10, '2024-08-31 10:00:00', 63),
(390, 'Dance Party', 50, 16, 6, '2024-08-20 10:00:00', 74),
(391, 'Strength Intervals', 45, 13, 7, '2024-08-21 08:00:00', 75),
(392, 'Yoga Sculpt', 60, 12, 8, '2024-08-21 10:00:00', 76),
(393, 'Cardio Circuit', 40, 18, 9, '2024-08-22 08:00:00', 77),
(394, 'Morning Flow', 30, 10, 10, '2024-08-22 10:00:00', 78),
(395, 'Total Body Conditioning', 60, 23, 11, '2024-08-23 08:00:00', 56),
(396, 'Sculpt and Tone', 45, 15, 12, '2024-08-23 10:00:00', 57),
(397, 'Aerial Yoga', 60, 21, 13, '2024-08-24 08:00:00', 58),
(398, 'Strength Circuit', 45, 12, 14, '2024-08-24 10:00:00', 59),
(399, 'Aqua Zumba', 50, 19, 15, '2024-08-25 08:00:00', 60),
(400, 'Strength and Flexibility', 45, 14, 16, '2024-08-25 10:00:00', 61),
(401, 'Boxing Strength', 60, 19, 17, '2024-09-01 08:00:00', 62),
(402, 'Dance Fusion', 50, 20, 18, '2024-09-01 10:00:00', 63),
(403, 'Cycling Interval', 45, 18, 1, '2024-09-02 08:00:00', 64),
(404, 'Core and More', 40, 14, 2, '2024-09-02 10:00:00', 65),
(405, 'Barre Fusion', 50, 15, 3, '2024-09-03 08:00:00', 66),
(406, 'Strength for Beginners', 30, 12, 4, '2024-09-03 10:00:00', 67),
(407, 'Cardio Kickboxing', 45, 21, 5, '2024-09-04 08:00:00', 68),
(408, 'Advanced Strength', 60, 20, 6, '2024-09-04 10:00:00', 69),
(409, 'Stretch and Balance', 30, 10, 7, '2024-09-05 08:00:00', 70),
(410, 'Power Yoga Sculpt', 60, 23, 8, '2024-09-05 10:00:00', 71),
(411, 'Bootcamp Express', 30, 14, 9, '2024-09-06 08:00:00', 72),
(412, 'Core Yoga', 45, 19, 10, '2024-09-06 10:00:00', 73),
(413, 'Dance Party', 50, 12, 11, '2024-09-07 08:00:00', 74),
(414, 'Strength Intervals', 45, 18, 12, '2024-09-07 10:00:00', 75),
(415, 'Yoga Sculpt', 60, 16, 13, '2024-09-08 08:00:00', 76),
(416, 'Cardio Circuit', 40, 15, 14, '2024-09-08 10:00:00', 77),
(417, 'Morning Flow', 30, 21, 15, '2024-09-09 08:00:00', 78),
(418, 'Total Body Conditioning', 60, 12, 16, '2024-09-09 10:00:00', 56),
(419, 'Sculpt and Tone', 45, 24, 17, '2024-09-10 08:00:00', 57),
(420, 'Aerial Yoga', 60, 18, 18, '2024-09-10 10:00:00', 58),
(421, 'Strength Circuit', 45, 17, 1, '2024-09-11 08:00:00', 59),
(422, 'Aqua Zumba', 50, 22, 2, '2024-09-11 10:00:00', 60),
(423, 'Strength and Flexibility', 45, 19, 3, '2024-09-12 08:00:00', 61),
(424, 'Boxing Strength', 60, 15, 4, '2024-09-12 10:00:00', 62),
(425, 'Dance Fusion', 50, 14, 5, '2024-09-13 08:00:00', 63),
(426, 'Cycling Interval', 45, 21, 6, '2024-09-13 10:00:00', 64),
(427, 'Core and More', 40, 13, 7, '2024-09-14 08:00:00', 65),
(428, 'Barre Fusion', 50, 17, 8, '2024-09-14 10:00:00', 66),
(429, 'Strength for Beginners', 30, 20, 9, '2024-09-15 08:00:00', 67),
(430, 'Cardio Kickboxing', 45, 24, 10, '2024-09-15 10:00:00', 68),
(431, 'Advanced Strength', 60, 23, 11, '2024-09-16 08:00:00', 69),
(432, 'Stretch and Balance', 30, 22, 12, '2024-09-16 10:00:00', 70),
(433, 'Power Yoga Sculpt', 60, 15, 13, '2024-09-17 08:00:00', 71),
(434, 'Bootcamp Express', 30, 18, 14, '2024-09-17 10:00:00', 72),
(435, 'Core Yoga', 45, 16, 15, '2024-09-18 08:00:00', 73),
(436, 'Dance Party', 50, 22, 16, '2024-09-18 10:00:00', 74),
(437, 'Strength Intervals', 45, 24, 17, '2024-09-19 08:00:00', 75),
(438, 'Yoga Sculpt', 60, 14, 18, '2024-09-19 10:00:00', 76),
(439, 'Cardio Circuit', 40, 15, 1, '2024-09-20 08:00:00', 77),
(440, 'Morning Flow', 30, 12, 2, '2024-09-20 10:00:00', 78),
(441, 'Total Body Conditioning', 60, 20, 3, '2024-09-21 08:00:00', 56),
(442, 'Sculpt and Tone', 45, 18, 4, '2024-09-21 10:00:00', 57),
(443, 'Aerial Yoga', 60, 13, 5, '2024-09-22 08:00:00', 58),
(444, 'Strength Circuit', 45, 21, 6, '2024-09-22 10:00:00', 59),
(445, 'Aqua Zumba', 50, 14, 7, '2024-09-23 08:00:00', 60),
(446, 'Strength and Flexibility', 45, 11, 8, '2024-09-23 10:00:00', 61),
(447, 'Boxing Strength', 60, 19, 9, '2024-09-24 08:00:00', 62),
(448, 'Dance Fusion', 50, 16, 10, '2024-09-24 10:00:00', 63),
(449, 'Cycling Interval', 45, 12, 11, '2024-09-25 08:00:00', 64),
(450, 'Core and More', 40, 17, 12, '2024-09-25 10:00:00', 65),
(451, 'Barre Fusion', 50, 24, 13, '2024-09-26 08:00:00', 66),
(452, 'Strength for Beginners', 30, 15, 14, '2024-09-26 10:00:00', 67),
(453, 'Cardio Kickboxing', 45, 10, 15, '2024-09-27 08:00:00', 68),
(454, 'Advanced Strength', 60, 23, 16, '2024-09-27 10:00:00', 69),
(455, 'Stretch and Balance', 30, 13, 17, '2024-09-28 08:00:00', 70),
(456, 'Power Yoga Sculpt', 60, 8, 18, '2024-09-28 10:00:00', 71),
(457, 'Bootcamp Express', 30, 21, 1, '2024-09-29 08:00:00', 72),
(458, 'Core Yoga', 45, 24, 2, '2024-09-29 10:00:00', 73),
(459, 'Dance Party', 50, 14, 3, '2024-09-30 08:00:00', 74),
(460, 'Strength Intervals', 45, 18, 4, '2024-09-30 10:00:00', 75),
(461, 'Yoga Sculpt', 60, 20, 5, '2024-10-01 08:00:00', 76),
(462, 'Cardio Circuit', 40, 16, 6, '2024-10-01 10:00:00', 77),
(463, 'Morning Flow', 30, 13, 7, '2024-10-02 08:00:00', 78),
(464, 'Total Body Conditioning', 60, 12, 8, '2024-10-02 10:00:00', 56),
(465, 'Sculpt and Tone', 45, 15, 9, '2024-10-03 08:00:00', 57),
(466, 'Aerial Yoga', 60, 24, 10, '2024-10-03 10:00:00', 58),
(467, 'Strength Circuit', 45, 23, 11, '2024-10-04 08:00:00', 59),
(468, 'Aqua Zumba', 50, 21, 12, '2024-10-04 10:00:00', 60),
(469, 'Strength and Flexibility', 45, 19, 13, '2024-10-05 08:00:00', 61),
(470, 'Boxing Strength', 60, 14, 14, '2024-10-05 10:00:00', 62),
(471, 'Dance Fusion', 50, 22, 15, '2024-10-06 08:00:00', 63),
(472, 'Cycling Interval', 45, 13, 16, '2024-10-06 10:00:00', 64),
(473, 'Core and More', 40, 17, 17, '2024-10-07 08:00:00', 65),
(474, 'Barre Fusion', 50, 10, 18, '2024-10-07 10:00:00', 66),
(475, 'Strength for Beginners', 30, 15, 1, '2024-10-08 08:00:00', 67),
(476, 'Cardio Kickboxing', 45, 12, 2, '2024-10-08 10:00:00', 68),
(477, 'Advanced Strength', 60, 8, 3, '2024-10-09 08:00:00', 69),
(478, 'Stretch and Balance', 30, 24, 4, '2024-10-09 10:00:00', 70),
(479, 'Power Yoga Sculpt', 60, 22, 5, '2024-10-10 08:00:00', 71),
(480, 'Bootcamp Express', 30, 21, 6, '2024-10-10 10:00:00', 72),
(481, 'Core Yoga', 45, 13, 7, '2024-10-11 08:00:00', 73),
(482, 'Dance Party', 50, 23, 8, '2024-10-11 10:00:00', 74),
(483, 'Strength Intervals', 45, 16, 9, '2024-10-12 08:00:00', 75),
(484, 'Yoga Sculpt', 60, 20, 10, '2024-10-12 10:00:00', 76),
(485, 'Cardio Circuit', 40, 14, 11, '2024-10-13 08:00:00', 77),
(486, 'Morning Flow', 30, 18, 12, '2024-10-13 10:00:00', 78),
(487, 'Total Body Conditioning', 60, 17, 13, '2024-10-14 08:00:00', 56),
(488, 'Sculpt and Tone', 45, 10, 14, '2024-10-14 10:00:00', 57),
(489, 'Aerial Yoga', 60, 11, 15, '2024-10-15 08:00:00', 58),
(490, 'Strength Circuit', 45, 24, 16, '2024-10-15 10:00:00', 59),
(491, 'Aqua Zumba', 50, 14, 12, '2024-10-16 08:00:00', 60),
(492, 'Strength and Flexibility', 45, 18, 5, '2024-10-16 10:00:00', 61),
(493, 'Boxing Strength', 60, 12, 8, '2024-10-17 08:00:00', 62),
(494, 'Dance Fusion', 50, 11, 7, '2024-10-17 10:00:00', 63),
(495, 'Cycling Interval', 45, 20, 2, '2024-10-18 08:00:00', 64),
(496, 'Core and More', 40, 19, 13, '2024-10-18 10:00:00', 65),
(497, 'Barre Fusion', 50, 15, 14, '2024-10-19 08:00:00', 66),
(498, 'Strength for Beginners', 30, 23, 9, '2024-10-19 10:00:00', 67),
(499, 'Cardio Kickboxing', 45, 16, 11, '2024-10-20 08:00:00', 68),
(500, 'Advanced Strength', 60, 22, 6, '2024-10-20 10:00:00', 69),
(501, 'Stretch and Balance', 30, 12, 4, '2024-10-21 08:00:00', 70),
(502, 'Power Yoga Sculpt', 60, 18, 3, '2024-10-21 10:00:00', 71),
(503, 'Bootcamp Express', 30, 20, 18, '2024-10-22 08:00:00', 72),
(504, 'Core Yoga', 45, 14, 16, '2024-10-22 10:00:00', 73),
(505, 'Dance Party', 50, 17, 15, '2024-10-23 08:00:00', 74),
(506, 'Strength Intervals', 45, 12, 17, '2024-10-23 10:00:00', 75),
(507, 'Yoga Sculpt', 60, 19, 2, '2024-10-24 08:00:00', 76),
(508, 'Cardio Circuit', 40, 10, 8, '2024-10-24 10:00:00', 77),
(509, 'Morning Flow', 30, 24, 1, '2024-10-25 08:00:00', 78),
(510, 'Total Body Conditioning', 60, 21, 14, '2024-10-25 10:00:00', 56),
(511, 'Sculpt and Tone', 45, 16, 13, '2024-10-26 08:00:00', 57),
(512, 'Aerial Yoga', 60, 15, 12, '2024-10-26 10:00:00', 58),
(513, 'Strength Circuit', 45, 18, 6, '2024-10-27 08:00:00', 59),
(514, 'Aqua Zumba', 50, 14, 3, '2024-10-27 10:00:00', 60),
(515, 'Strength and Flexibility', 45, 17, 11, '2024-10-28 08:00:00', 61),
(516, 'Boxing Strength', 60, 20, 9, '2024-10-28 10:00:00', 62),
(517, 'Dance Fusion', 50, 24, 7, '2024-10-29 08:00:00', 63),
(518, 'Cycling Interval', 45, 21, 10, '2024-10-29 10:00:00', 64),
(519, 'Core and More', 40, 18, 4, '2024-10-30 08:00:00', 65),
(520, 'Barre Fusion', 50, 14, 5, '2024-10-30 10:00:00', 66),
(521, 'Strength for Beginners', 30, 16, 2, '2024-10-31 08:00:00', 67),
(522, 'Cardio Kickboxing', 45, 19, 8, '2024-10-31 10:00:00', 68),
(523, 'Advanced Strength', 60, 24, 3, '2024-11-01 08:00:00', 69),
(524, 'Stretch and Balance', 30, 22, 1, '2024-11-01 10:00:00', 70),
(525, 'Power Yoga Sculpt', 60, 13, 6, '2024-11-02 08:00:00', 71),
(526, 'Bootcamp Express', 30, 12, 5, '2024-11-02 10:00:00', 72),
(527, 'Core Yoga', 45, 23, 7, '2024-11-03 08:00:00', 73),
(528, 'Dance Party', 50, 19, 14, '2024-11-03 10:00:00', 74),
(529, 'Strength Intervals', 45, 11, 13, '2024-11-04 08:00:00', 75),
(530, 'Yoga Sculpt', 60, 15, 12, '2024-11-04 10:00:00', 76),
(531, 'Cardio Circuit', 40, 18, 11, '2024-11-05 08:00:00', 77),
(532, 'Morning Flow', 30, 13, 10, '2024-11-05 10:00:00', 78),
(533, 'Total Body Conditioning', 60, 14, 9, '2024-11-06 08:00:00', 56),
(534, 'Sculpt and Tone', 45, 24, 8, '2024-11-06 10:00:00', 57),
(535, 'Aerial Yoga', 60, 20, 7, '2024-11-07 08:00:00', 58),
(536, 'Strength Circuit', 45, 22, 6, '2024-11-07 10:00:00', 59),
(537, 'Aqua Zumba', 50, 18, 5, '2024-11-08 08:00:00', 60),
(538, 'Strength and Flexibility', 45, 12, 4, '2024-11-08 10:00:00', 61),
(539, 'Boxing Strength', 60, 21, 3, '2024-11-09 08:00:00', 62),
(540, 'Dance Fusion', 50, 15, 2, '2024-11-09 10:00:00', 63),
(541, 'Cycling Interval', 45, 13, 1, '2024-11-10 08:00:00', 64),
(542, 'Core and More', 40, 23, 18, '2024-11-10 10:00:00', 65),
(543, 'Barre Fusion', 50, 19, 17, '2024-11-11 08:00:00', 66),
(544, 'Strength for Beginners', 30, 14, 16, '2024-11-11 10:00:00', 67),
(545, 'Cardio Kickboxing', 45, 21, 15, '2024-11-12 08:00:00', 68),
(546, 'Advanced Strength', 60, 11, 14, '2024-11-12 10:00:00', 69),
(547, 'Stretch and Balance', 30, 22, 13, '2024-11-13 08:00:00', 70),
(548, 'Power Yoga Sculpt', 60, 17, 12, '2024-11-13 10:00:00', 71),
(549, 'Bootcamp Express', 30, 16, 11, '2024-11-14 08:00:00', 72),
(550, 'Core Yoga', 45, 20, 10, '2024-11-14 10:00:00', 73),
(551, 'Dance Party', 50, 23, 9, '2024-11-15 08:00:00', 74),
(552, 'Strength Intervals', 45, 18, 8, '2024-11-15 10:00:00', 75),
(553, 'Yoga Sculpt', 60, 10, 7, '2024-11-16 08:00:00', 76),
(554, 'Cardio Circuit', 40, 24, 6, '2024-11-16 10:00:00', 77),
(555, 'Morning Flow', 30, 12, 5, '2024-11-17 08:00:00', 78),
(556, 'Total Body Conditioning', 60, 13, 4, '2024-11-17 10:00:00', 56),
(557, 'Sculpt and Tone', 45, 21, 3, '2024-11-18 08:00:00', 57),
(558, 'Aerial Yoga', 60, 18, 2, '2024-11-18 10:00:00', 58),
(559, 'Strength Circuit', 45, 11, 1, '2024-11-19 08:00:00', 59),
(560, 'Aqua Zumba', 50, 17, 18, '2024-11-19 10:00:00', 60),
(561, 'Strength and Flexibility', 45, 12, 17, '2024-11-20 08:00:00', 61),
(562, 'Boxing Strength', 60, 19, 16, '2024-11-20 10:00:00', 62),
(563, 'Dance Fusion', 50, 21, 15, '2024-11-21 08:00:00', 63),
(564, 'Cycling Interval', 45, 13, 14, '2024-11-21 10:00:00', 64),
(565, 'Core and More', 40, 22, 13, '2024-11-22 08:00:00', 65),
(566, 'Barre Fusion', 50, 18, 12, '2024-11-22 10:00:00', 66),
(567, 'Strength for Beginners', 30, 11, 11, '2024-11-23 08:00:00', 67),
(568, 'Cardio Kickboxing', 45, 15, 10, '2024-11-23 10:00:00', 68),
(569, 'Advanced Strength', 60, 24, 9, '2024-11-24 08:00:00', 69),
(570, 'Stretch and Balance', 30, 17, 8, '2024-11-24 10:00:00', 70),
(571, 'Power Yoga Sculpt', 60, 19, 7, '2024-11-25 08:00:00', 71),
(572, 'Bootcamp Express', 30, 21, 6, '2024-11-25 10:00:00', 72),
(573, 'Core Yoga', 45, 20, 5, '2024-11-26 08:00:00', 73),
(574, 'Dance Party', 50, 24, 4, '2024-11-26 10:00:00', 74),
(575, 'Strength Intervals', 45, 17, 3, '2024-11-27 08:00:00', 75),
(576, 'Yoga Sculpt', 60, 14, 2, '2024-11-27 10:00:00', 76),
(577, 'Cardio Circuit', 40, 18, 1, '2024-11-28 08:00:00', 77),
(578, 'Morning Flow', 30, 13, 18, '2024-11-28 10:00:00', 78),
(579, 'Total Body Conditioning', 60, 22, 17, '2024-11-29 08:00:00', 56),
(580, 'Sculpt and Tone', 45, 14, 16, '2024-11-29 10:00:00', 57),
(581, 'Aerial Yoga', 60, 20, 15, '2024-11-30 08:00:00', 58),
(582, 'Strength Circuit', 45, 13, 14, '2024-11-30 10:00:00', 59),
(583, 'Aqua Zumba', 50, 19, 13, '2024-12-01 08:00:00', 60),
(584, 'Strength and Flexibility', 45, 23, 12, '2024-12-01 10:00:00', 61),
(585, 'Boxing Strength', 60, 10, 11, '2024-12-02 08:00:00', 62),
(586, 'Dance Fusion', 50, 15, 10, '2024-12-02 10:00:00', 63),
(587, 'Cycling Interval', 45, 24, 9, '2024-12-03 08:00:00', 64),
(588, 'Core and More', 40, 19, 8, '2024-12-03 10:00:00', 65);


-- About class_registrations data, we decided to import from CSV documnet
